block,tx_hash,report_timestamp,time_elapsed,preRate,postRate,move_bps
17272708,0x7cdd45433bdb2953dd6cd4d4a2d37449d4f93907afdfedaf65a892f91a4ea263,1684238411,86388,1124168697480543467,1124349506893718109,1.608383
17279454,0xe9ba59b2b3e83d93df52528d5e17c802973f5de34602dc74bcd484d5d79243ef,1684324811,86400,1124349506893718109,1124504367992424664,1.377339
17286461,0xbf52777e4dd583d52104be96f7da420be977faeee97cc25a89d6c81fa919056f,1684411211,86400,1124504367992424664,1124666417311180217,1.441073
17293521,0x5489a6364dc63a9b2614c7665d15827fa3b100c80dcbd5f43d71546f205fb364,1684497611,86400,1124666417311180217,1124835614410438130,1.504420
17300635,0x54b86d0ca8df20f49ad14c3fa2899b9b21cbe144b1df7e4e0abe19896e0d22be,1684584011,86400,1124835614410438130,1124977908697709180,1.265023
17307714,0xc52f66f46a1ed5524a1dc0a3e470015c6f8a711fc46b4b9590010db62b85eba7,1684670411,86400,1124977908697709180,1125117562923383502,1.241395
17314816,0x5b0bf1986edc261458a7d2c5bbf8369e383528d3472c8ca976bf1d526265505e,1684756811,86400,1125117562923383502,1125263028751930526,1.292894
17321909,0x6908d7d4832542bb4ce03790d7ced1d1c3ff1391fd531a6b5b10a4aea9b5b486,1684843211,86400,1125263028751930526,1125419235731771526,1.388182
17329007,0x8ad123ad3116fd8b6f29a3033e867ee67b9e6c2afacd5b96a29b89e2849fc17b,1684929611,86400,1125419235731771526,1125573684330119500,1.372365
17336142,0x74f7c86d022618dd5a986f16b32b9b55ebbfa010497392670f308a14251fd374,1685016011,86400,1125573684330119500,1125728176062500690,1.372560
17343240,0x239e1382757666216ddb1d1c6c80d6928274efd16c6fab00cac748d67fe6a239,1685102411,86400,1125728176062500690,1125882052351339264,1.366904
17350349,0x8c5ed5d40fc11b7e47340c7b5c022c96cf94e7e45bf94e61ab4aeedfa68d196f,1685188811,86400,1125882052351339264,1126039033001779475,1.394290
17357492,0x15fc62bf25f4c56249ff344c8a71194394b2d8e099d003440c30ead3fe36399c,1685275211,86400,1126039033001779475,1126169298169528776,1.156844
17364611,0xae1b49c748bf2c6cf54646af293e3545dda99339dabfe7248acc2ea460e7ae8c,1685361611,86400,1126169298169528776,1126324268919229790,1.376088
17371713,0x699bb7af9bdd806b67a1075befb7d39d55800ce5c3fb618ce20038d9c843b795,1685448011,86400,1126324268919229790,1126467900855209627,1.275227
17378828,0x8a1faece8ab1ffdbf71a2621c3f310768212c401246d36f0cdbef7e2edf078d7,1685534411,86400,1126467900855209627,1126612626654527653,1.284775
17385929,0xabf81f89dd44731efd9f0ec67f683e7225998f90b51691d25abbb8c17e8913b2,1685620811,86400,1126612626654527653,1126750197166863799,1.221099
17393019,0xe0c0a1c4ec587a186f0f6c1fdc243e3c23f8d026fed320dd49e1c44d9f55ed39,1685707211,86400,1126750197166863799,1126897087511522171,1.303664
17400142,0x9f353dfc936e042bffa8b9b45e747050bd1fbe0a7fd55a324cb9f8244097d5d5,1685793611,86400,1126897087511522171,1127024073114815299,1.126861
17407203,0x43c547e156ddc3069ae0b5757749bf901ba45c03c19746032d45a78a6274104d,1685880011,86400,1127024073114815299,1127144324295446910,1.066980
17414291,0xb32b7746bb9c2f4cd039f5e2fd60b6c5770887b8c5ec8777b22033c69747ebb9,1685966411,86400,1127144324295446910,1127268743649590848,1.103846
17421378,0xb9cd25979d125d31e90eed261fd1711fa02feb0a104b0c366d426ad9e0b89e37,1686052811,86400,1127268743649590848,1127400584901431406,1.169564
17428474,0xea910ddf69da922defdaf74c7787fb27b454e3514e8547334442696f0b54886e,1686139211,86400,1127400584901431406,1127527644215476118,1.127011
17435566,0xb28fb0db5797821ee566e88246915ad435a62c6bbfa4de380d43e0a52485eae3,1686225611,86400,1127527644215476118,1127650872102307172,1.092903
17442650,0x3612b8f7f31706ad71bc9ceedc8f921e56f383d2cf1d02a04b8975cfeed5528d,1686312011,86400,1127650872102307172,1127777393383763468,1.121990
17449743,0xb2b24919dbf4c29f40e4ecccf89e0cd2ee210aae6815754214e25c4154021231,1686398411,86400,1127777393383763468,1127923323639476157,1.293963
17456860,0xeffc325f9279da3b811519606c5228aeaec5f2201643a912ad6ec4bcaab3b1de,1686484811,86400,1127923323639476157,1128033677965797249,0.978385
17463961,0xa9a1973a26561c7ca6b105d89c47ec8ba4c4ed7e2c2e1627692ef01dbf9c722f,1686571211,86400,1128033677965797249,1128149111547978188,1.023317
17471058,0x538de06391cee261be3b52417ad6b462c9719a5dbd0d4e0c3581fe505893f190,1686657611,86400,1128149111547978188,1128267284471402301,1.047494
17478156,0x9a9ed51f6a66dff9275b01f031a3736c915f13c0b13be6f11e386f9e586bb686,1686744011,86400,1128267284471402301,1128380189060279308,1.000690
17485260,0xdcc61d03b26d7e879ada0963506170b7e8247029762cb715876895b2c4e8ae99,1686830411,86400,1128380189060279308,1128506127137617978,1.116096
17492370,0xd898084daffdb906e521d0ceb9c373b490b36d8a4e059c30176f0429dd809669,1686916811,86400,1128506127137617978,1128623024381435896,1.035858
17499496,0xe44e9b5c89945b2fc8a93fe1e3e77058cfcd77fc1f61783ef8a32cf5cc239086,1687003211,86400,1128623024381435896,1128745845595793678,1.088239
17506646,0x04f3410c5b06890bd2e04e47ea1394c62a7802d4ea79c6dbe7cfd8b2b33f8bb1,1687089611,86400,1128745845595793678,1128863505201967045,1.042392
17513765,0xfe5d7696270eb8dd4bafd4d6e841f72ea2b9e943f0bd8ef9ffda63497e245930,1687176011,86400,1128863505201967045,1128972205632615487,0.962919
17520879,0x1b5f1e2b825eca32123cd061672025b5dd2fa400a3f0c0b8393d7c8efcb464cc,1687262411,86400,1128972205632615487,1129094895284106097,1.086738
17528012,0x93957ec367b66d84408d07449bedb33979acad974b8b2d8eb32d95623c545e46,1687348811,86400,1129094895284106097,1129216270658668106,1.074979
17535108,0x6ab99b0496f238c62bbd5814712357e9e14d2a32da2da0ada1681f223b07f10b,1687435211,86400,1129216270658668106,1129344347798052431,1.134213
17542227,0x8211edba795317656ad20fc4194f0675f391ea35fffabcb62baa96b1bc4c93db,1687521611,86400,1129344347798052431,1129468079502921070,1.095607
17549355,0x8281193767154649d998ba38088df1a6f6c1c53598568f509b8b0423faea28bc,1687608011,86400,1129468079502921070,1129584934447166242,1.034602
17556465,0xacf89280d2aec6952f18718c455e378b5cae289f42f716ddd0b078e0faa475e5,1687694411,86400,1129584934447166242,1129694534505219381,0.970268
17563567,0x22d8c8eff0e6fb381ce71b118679c2dbddb7a88ddd97cb962cbb4b3c60e41ebb,1687780811,86400,1129694534505219381,1129805125365742611,0.978945
17570665,0x29a072bfe28e9a5e32cdb72488dc1b43c33857e1eb5c2f2d57d47eaf59ec4575,1687867211,86400,1129805125365742611,1129920919671260417,1.024905
17577788,0xa9d33dd2ae70ec0e37bd68e36aff76b0ddc59a9abc84b60d1ec420541f508cd1,1687953611,86400,1129920919671260417,1130046409771746362,1.110610
17584925,0xd03aec99ad2713a78d14132deca4b4b1039327b81a0c0956fc454e50f637ef53,1688040011,86400,1130046409771746362,1130170848091599443,1.101179
17592066,0x23ae302e693381626f37511091dcdace6c0efcdc6a023e841683b976b8f5ffe2,1688126411,86400,1130170848091599443,1130305694460348752,1.193150
17599165,0x9d8ad51bfaaad311884f9b126d62c0160f7fe7089673f8d6f19ae2b8480f0e28,1688212811,86400,1130305694460348752,1130442197632249363,1.207666
17606292,0x0cea5d37a887dbca4ba0d2a7c4f91e4316a769dbc6ebe44778350df354b88231,1688299211,86400,1130442197632249363,1130555075015817496,0.998524
17613416,0xbab9d262b012972d9d76f64f097fdba52ce4f849d43cdcbc1344244b9acac20e,1688385611,86400,1130555075015817496,1130674029741864062,1.052180
17620530,0xea1f2ba5fd8160fd9f159181fe9ec83eff45cd16b8e3f462bb5fde4e594ec1fb,1688472011,86400,1130674029741864062,1130795227856724772,1.071910
17627651,0xb9716486582fb313424fd0cb635497c8833972bde6cab0bf4550d99a7fe7ad71,1688558411,86400,1130795227856724772,1130911541214826069,1.028598
17634785,0x1459d8c0ed86e0f2d34f58459ae5a91c6cda603e8131701a27b91e89cdb43a96,1688644811,86400,1130911541214826069,1131036795044203910,1.107548
17641888,0xa0c5a412c9e23a014a3d078fd60bc8b3fdbc8dd054cf04e8d7802df000743aed,1688731211,86400,1131036795044203910,1131163609667167953,1.121225
17649007,0x89069a50aee2b408ad3cadcc139df93070489f892a236fa047cf610db3778413,1688817611,86400,1131163609667167953,1131289533424700350,1.113223
17656117,0x606af6da8b9c2b7ac55954f9519de43063423a93837999bbd9dbf2a2169adf99,1688904011,86400,1131289533424700350,1131406956843906091,1.037961
17663231,0x888817b6bca2f201d991e2641acab688c6e85cd3678a22a9068a4597f5124975,1688990411,86400,1131406956843906091,1131525821102232825,1.050588
17670340,0x410ffbbd740c3899cbcb7718af0f70fa6fad6c3fcfe57748f58880b9f38c6706,1689076811,86400,1131525821102232825,1131651731942225982,1.112753
17677457,0xbce453352f05296ca8ec6d6961be72324010b9fc1dfda354ea974caa5c30ba40,1689163211,86400,1131651731942225982,1131769438867867327,1.040134
17684545,0x2b55960e0ab69920dcb754318f29b9502ff6facf7c0854a48a27c3e6c4372c58,1689249611,86400,1131769438867867327,1131889839517713809,1.063827
17691669,0x0157e3b05b979387d32c346b1ae39195c8487d6f672ea5b600bf4f636b91480f,1689336011,86400,1131889839517713809,1132020771081501183,1.156752
17698750,0xd411a2b70dab2c2ae3e7e335d396d80ef9524dcde70bc391b48aebe69e0abb29,1689422411,86400,1132020771081501183,1132137795853880313,1.033769
17705813,0x03dd35659ac757bfcb94b2cbd35db58c75bbe23f87b229e7643c21fbb56b4739,1689508811,86400,1132137795853880313,1132254404648125233,1.029988
17712947,0x007e0c01cb0aa625248b1f0b8a74601b2a39690bd02700f82f5200c204745ab0,1689595211,86400,1132254404648125233,1132380506214872767,1.113721
17720090,0x736a564d48dce02de63c40b67663c29b6529062486f0afecdf95d72059f0ca8b,1689681611,86400,1132380506214872767,1132501112186401375,1.065066
17727208,0x6f5cf4ff9494eda96f2e57232f14ecd5b0baf2153f93dc627c6a281e57cc5890,1689768011,86400,1132501112186401375,1132624925589676698,1.093274
17734348,0x4e3ddd91891fd098295f7c30dbea83826eea75bcab13b16da620af24ca5c7e00,1689854411,86400,1132624925589676698,1132753756154497334,1.137451
17741489,0x0ec45c0a4a9ae0b1e654090a77e928eb416d38fa8ced1de0b3125a8e3146efc9,1689940811,86400,1132753756154497334,1132882803793635638,1.139238
17748634,0x3972eea004ae96e6e9a265c1d5fcbdbf925fdc238335d072032a671c1715fa74,1690027211,86400,1132882803793635638,1133008524106305005,1.109738
17755785,0x8fa299016cb8dbbd434d4610ab6780960e9d6eb1096ae76c263303365dd95c54,1690113611,86400,1133008524106305005,1133126400245128417,1.040382
17762931,0x8ddffa3e31dfcedca60e386bbb69a8760e04ce0d3b508957be1bc0822edf4c34,1690200011,86400,1133126400245128417,1133253716055828717,1.123580
17770078,0xc78846ce7f643277971ff046ac8f92cf2a2c494d91acbc86b35922dbdf54d8e5,1690286411,86400,1133253716055828717,1133381999608068477,1.131993
17777223,0x342f6432c27b808b963794f2ca8b85e6b3d81a5984dcd20b0290d4b5cc416a39,1690372811,86400,1133381999608068477,1133510112849434161,1.130362
17784409,0x4a3fe40adc531a733c516b043064ea30ed8bf4eb8571c15a14137efb15a45086,1690459211,86400,1133510112849434161,1133636644187815675,1.116279
17791533,0x6371e31c86095afb80f2bd7ae8341c44d1bab92a12a021107a1146c5e776ef4f,1690545611,86400,1133636644187815675,1133761136654917818,1.098169
17798675,0xcdf5c01c43ca04ba0cd351ecfe39d6241f8fc2bdd33fac92422c39b9fc76e516,1690632011,86400,1133761136654917818,1133893669268294346,1.168964
17805821,0x510f7bfde83e2b48996d278314168124885fc5185f3366b31830a2c69fea70db,1690718411,86400,1133893669268294346,1134003797657566059,0.971241
17812960,0xdd56902218b3f6d05a93e0778e738d409d38104b932a48bb05f155d40bbca943,1690804811,86400,1134003797657566059,1134180658039413984,1.559610
17820117,0x5a36dd3081d62cfee926afe833669a54fba2213e044f02077ba271f66d4a8b69,1690891211,86400,1134180658039413984,1134302176185978316,1.071418
17827287,0x1948173978de38f56bd596cfccc9016c47d8b9447f5f8741bfd1739b4214bb22,1690977611,86400,1134302176185978316,1134428745153028234,1.115831
17834448,0x22234fcb6c33964f9b9598569a45b7176aa1e37724091ac48607275ebe038f3e,1691064011,86400,1134428745153028234,1134555830768652461,1.120261
17841596,0x13825dc93a80775d67fe4014e9cf433a0703bd09346a89217156d039307c7d93,1691150411,86400,1134555830768652461,1134675165258811878,1.051817
17848738,0x2229c13d8d547ee40aef74b25e32bf81863ce05b86bd833b664314bbf2b394e3,1691236811,86400,1134675165258811878,1134795453641975953,1.060113
17855890,0x7c5369056eb7b664353d558cd82de3c568bdd9be91dc3fbb5428a96659c51155,1691323211,86400,1134795453641975953,1134909836307378013,1.007958
17863024,0xfa7e15c08688dd2db824aca4645a758c8a446d333a4390b812ef413281fb0cb6,1691409611,86400,1134909836307378013,1135027043832011064,1.032747
17870177,0xff4195eee7e3932a770a41ecc66d7f483baf1cfb3fed49d1e355613f76941b08,1691496011,86400,1135027043832011064,1135151010893882040,1.092195
17877312,0x92e9a84d4c52897f5ea3fd97aeba051a298596ce763525f54e5493340c1b8c16,1691582411,86400,1135151010893882040,1135272103691682986,1.066755
17884454,0xc87007b5d7b55ee518cae294c16603f77e746c3c116eb5b7a9858036f017672d,1691668811,86400,1135272103691682986,1135393584252167825,1.070057
17891613,0xa2234ccd8933160bbb21cf1a8f5d2053621f9f1d96ed72a2a22bd262ef76e741,1691755211,86400,1135393584252167825,1135513662455760755,1.057591
17898768,0xee9f90852d91dfc3358a1cbfc67a57b5fafee6072a4ebf1f41baa8e76f2dd321,1691841611,86400,1135513662455760755,1135629654325410202,1.021493
17905914,0xc2fbe0e5da64f91bb681970460fb7b33cc7d78865541aa9ebb02f9e347d1fed0,1691928011,86400,1135629654325410202,1135741766890709984,0.987228
17913055,0x8741f01c567f93191b6789144936c7e9f701011376e1cac1b7a58ea87c63c528,1692014411,86400,1135741766890709984,1135856333343228465,1.008737
17920218,0x86c5b5f4508021ef925afb8b4e66ca8b27e5e1a7361c4d19b0fe576978b16e97,1692100811,86400,1135856333343228465,1135979401008937447,1.083479
17927361,0x5cfbfa87e2631ac63543fba425c3cd88d9e33a3729e0c28094dfdbbea4aca6b4,1692187211,86400,1135979401008937447,1136107421501403971,1.126961
17934527,0xaddc20fe53b8d643bb1584018f54c96ed6c480d566c250c2dd0846e7f7b09138,1692273611,86400,1136107421501403971,1136233990037628555,1.114054
17941659,0xe3302938fc0cb0f6afc45f5a02486f580316c7370bf6fc99bf06b65aeca486b5,1692360011,86400,1136233990037628555,1136400124655721798,1.462151
17948792,0x884700262bb4de93a3ebce18f3c8092ca1c15fabf561ea2ab596f02138217fd1,1692446411,86400,1136400124655721798,1136521059939607763,1.064196
17955955,0x94d3df2ff9318967d9901d66b4596d665acc40b57f0ffad62709ac2d8eb445ff,1692532811,86400,1136521059939607763,1136635516377632782,1.007077
17963090,0x6bfb85f456144a64f2f2536a330197ba2016ef727516164d5b41258d00f85dcc,1692619211,86400,1136635516377632782,1136755039617866601,1.051553
17970228,0x487ae6944008b1b89de7ff783bb5f760d717ad409d7c93134b383897d8d3c657,1692705611,86400,1136755039617866601,1136873785163675625,1.044601
17977381,0x16c2d44a80ef2c4032a6cc94f547f2185ad9df99fb471c7674f9b7483ec7c61d,1692792011,86400,1136873785163675625,1136995300838313055,1.068858
17984530,0xdae0a384077da637b8a8820068e5891cacaed241018a63a0abe92f971c703f24,1692878411,86400,1136995300838313055,1137117595629065656,1.075596
17991689,0x33a7f446ac82126b90e24ee559262a8b87b3ad18449585981fd2c8517e336b48,1692964811,86400,1137117595629065656,1137240061324596777,1.076984
17998816,0x383a1970c259c4bb8e732fd0ff2af6f1e25dccc6a604eaedc901166c80a4e115,1693051211,86400,1137240061324596777,1137357913261124156,1.036298
18005977,0x10390c921f56ff70cd8016d38971c8e85b8be4724b9fcb3492b5666402d723e4,1693137611,86400,1137357913261124156,1137466250166407955,0.952531
18013110,0x8ebbc2233f2b0a37400619c0f8607510065278e787ac653e63e4b4821e936a3a,1693224011,86400,1137466250166407955,1137583915592113375,1.034452
18020255,0x416c95db53f076dfd14f63fa66afb94074283f10099405e91060d7f949578ef4,1693310411,86400,1137583915592113375,1137715764846254810,1.159029
18027398,0x86ad0ab4aaab5641baae2ae2dd083e3a3f7aa342efceed71ca5897218684d6dc,1693396811,86400,1137715764846254810,1137843990907456542,1.127048
18034528,0xece1890b11b71a24f17559ee3c674f44e3f8fba4dc90070d340478dfeee7d7e0,1693483211,86400,1137843990907456542,1137958010091215268,1.002063
18041677,0xbfbd2b0e22acd5de42e362ff2025a1e60616969287b363141022be6583efc13a,1693569611,86400,1137958010091215268,1138075582787127300,1.033190
18048806,0x5f3581c99045517a7ee05c4a891ae6bebfe2b66d8eff55ea1f68f4b5a851c406,1693656011,86400,1138075582787127300,1138182571289787953,0.940083
18055938,0x27767ba0a4e11e6253f1db153b78536581ab4707d12ceece10ece96dd090c46f,1693742411,86400,1138182571289787953,1138284191233273219,0.892826
18063085,0x7a9610ed73ebe968cc9834d4b90d5ee48d72b0019ab238bd5af436f73694bccc,1693828811,86400,1138284191233273219,1138394025250196399,0.964909
18070246,0x3faaefebe985bce1be0d2ced510bde400f358f95cca45bedf13fb669e76a8eea,1693915211,86400,1138394025250196399,1138508724492427284,1.007553
18077400,0x047a42b7c2faef1f4d81a7b99d03aa2bc58b2c67a85ead6f86f3dbda3191e33e,1694001611,86400,1138508724492427284,1138632739764522903,1.089278
18084522,0xc4c5d71980945817562751ef78d732a8256a14b43f1fc10e038f9fc17924ab08,1694088011,86400,1138632739764522903,1138754654719778928,1.070714
18091679,0x8d1c10a09c860d3b513becef4e4ea915201f7bddf9bec39092e0b0f205e62780,1694174411,86400,1138754654719778928,1138870099352987003,1.013780
18098801,0x25a89bae321fa29bf58e65a46f3c230a3a642a3f4787a8783fd4987f900cc0da,1694260811,86400,1138870099352987003,1138990368405322257,1.056038
18105945,0x7df4d07dd31bb246cc2ab3f89bbe51aa0ec16f063bd31bb1d8b8e9379b840154,1694347211,86400,1138990368405322257,1139098272226719507,0.947364
18113082,0x60a368e79ad5b23024565f4904fbde3c9cd666112fc60eee2f7f0cdd0c2e504b,1694433611,86400,1139098272226719507,1139209137893758741,0.973276
18120233,0x468d5031d568cabf5462bb0b94295d93c2d9790378f8d8480b5f7df13074dff7,1694520011,86400,1139209137893758741,1139341578855907449,1.162569
18127358,0x7e25087ffc4c9698e2183ca921c58db4b9e1e0a51424e414bb00f4873837599d,1694606411,86400,1139341578855907449,1139459813983219388,1.037750
18134500,0xb5784459aca4c67490b3dea0e67b3f90df7b9e5c642c5b07029496ee390bda83,1694692811,86400,1139459813983219388,1139569997197111652,0.966978
18141596,0xccdf35fc8011edc634da10be401310751612947a4c19434c95775ef86f7e8cff,1694779211,86400,1139569997197111652,1139685405834714356,1.012738
18148693,0x6852b86f20b5d82f5bbae4bf8f90ce1b5f3a3b204519d02f6482eb3c8a2c7e5c,1694865611,86400,1139685405834714356,1139796315816179308,0.973163
18155727,0x888578e002dd0a6c8b93dead147e7a5dab3c4360004a607647cc12df73a4df20,1694952011,86400,1139796315816179308,1139900772274127614,0.916448
18162794,0x1e459e69e2e9810c35e3f91130ddac306640afaef8afe54cba362786341bfdbd,1695038411,86400,1139900772274127614,1140010420423625134,0.961910
18169926,0x83090b4e67e3bd80dc74b073257274ea21581868fa3aaef49b3ba0a0bdcb72ad,1695124811,86400,1140010420423625134,1140127757386539291,1.029262
18177071,0x5e3d3718c159cc893a22418cebe9100374535b1c2836c07c62d5f449ba5e4efa,1695211211,86400,1140127757386539291,1140246939228560049,1.045338
18184231,0x50a000146f134d5e765b32a8ef50ff498eab37884d49a54e0948b6c17459b97b,1695297611,86400,1140246939228560049,1140365134041314889,1.036572
18191375,0xa128540efce30447bc23bff229d68a5db9509fae640bd31669ab7f4edba81621,1695384011,86400,1140365134041314889,1140478853920678574,0.997223
18198518,0xd4feec6ffdc73b2cf63f700be6840ab5f76f8ebb32b9c45078d0bc68370f538f,1695470411,86400,1140478853920678574,1140585229239657289,0.932725
18205629,0x3ec1fc04b330dccb94d9498cb73639a1ad4900ebf71c2d82ef532fb1d277bf2e,1695556811,86400,1140585229239657289,1140693176632934788,0.946421
18212786,0x4bd200a70f282f74d6e7fa634d6d8b25e2e561fb7da37f7947c5d8c0ec3fe149,1695643211,86400,1140693176632934788,1140798563020223274,0.923880
18219933,0xaec22cf54c9e9b8e33bf3a2d094e995074b5530fde009b2a5ae52d8da61ed82c,1695729611,86400,1140798563020223274,1140918889712057068,1.054758
18227058,0x90734ee1cbe256aefbc833828ed2f2265eeba1fb7710906ad9424deff2e3cd35,1695816011,86400,1140918889712057068,1141033403056342506,1.003694
18234188,0x22fb9fae040ac0ec3bfb6cdf03846161fee22e43aa54cb0e699c655277bc11dd,1695902411,86400,1141033403056342506,1141145215779306718,0.979925
18241324,0x110b4d4e5e5dc93248aef076b1d5d045a50a8f3b1c630860f9e7a3012fa488b4,1695988811,86400,1141145215779306718,1141256351420945040,0.973896
18248490,0x5f2d1af78a138787cb41c12effd6f1c8fd345f7caab29369feff7e42c8456d90,1696075211,86400,1141256351420945040,1141366837004092186,0.968105
18255668,0x15655ce8c8155ccf491578bd8b959c485d1bca8a64aeafaab87b88cf3bc42765,1696161611,86400,1141366837004092186,1141473131697351779,0.931293
18262819,0x2c26fb2d8c50971db3b67df40711b4cdd948c773da144593c1fd85e532cc6206,1696248011,86400,1141473131697351779,1141589527554061394,1.019699
18269985,0xdb24f88b7982c23f82ec0995613a8df4df10f758e0943ffcf5b618a54fda297d,1696334411,86400,1141589527554061394,1141714402598773887,1.093870
18277137,0xb1fb40ee1b79c30e74506e8dbac7e1a43b0bf6c8757800ccfd9b947f853a7d28,1696420811,86400,1141714402598773887,1141830174986065062,1.014022
18284287,0x855d05f3ed8231d15aeae3b1fdbe6be40db23f7ed3de6eefccfa20345fa34ec9,1696507211,86400,1141830174986065062,1141938535108034924,0.949004
18291430,0x66b307fd51b17bef83d0ec2be04cbbc95a1d82d616d86e32f7da16f03c34c3f7,1696593611,86400,1141938535108034924,1142044001184404597,0.923571
18298577,0x96af6735dfec50690f505a37729993327c850f32c9808f0b5731d8c4f2197b5e,1696680011,86400,1142044001184404597,1142149638004716373,0.924980
18305735,0xf138871aafa6df5ce9531828899ece7923db61aa9d59c145b1057d3c8ca6a508,1696766411,86400,1142149638004716373,1142253542184278745,0.909725
18312889,0xd418066cc84af20e9b4ca215ba855e6d00d0a7b7107a5d1a96442aef8e5d280f,1696852811,86400,1142253542184278745,1142355449779533685,0.892163
18320030,0x5940d44052ddaa291b9dd4c8f1aacaafe5e70370d295080de6792c5f74898acf,1696939211,86400,1142355449779533685,1142459145696469783,0.907738
18327187,0x45e75df6d7863b98c597268dfd30ab6b66f073181949e6ec5657a3ced8f89092,1697025611,86400,1142459145696469783,1142563002942417641,0.909067
18334314,0xaaa7a76022040bfc7d93c52db52f58d6187906c0b71bb9b0a002e8860ce9a465,1697112011,86400,1142563002942417641,1142668658647173960,0.924725
18341450,0x3c8b588dc31dce63610a9b74ada1bf87f6f0d045cc416dd945387ba004609b71,1697198411,86400,1142668658647173960,1142777341070944844,0.951128
18348589,0x9af1000523417db86ce13b0fc4acc41f415ba8fd04bdf2c9415528c55f561ed4,1697284811,86400,1142777341070944844,1142884491977089722,0.937636
18355746,0x572dba36ee2ee62ef18c2481326926e4598b9ceed66d548c804c6e5ec7fbc449,1697371211,86400,1142884491977089722,1142983765005716369,0.868618
18362906,0xd76641d6d020825736ff68e577ead550364e216407f95a95b592a8f6797c037e,1697457611,86400,1142983765005716369,1143089970128930621,0.929192
18370068,0x1cfe1944b4730b04443ea0f5db3ddb330823431182f97862daec5b85c9f7c4fc,1697544011,86400,1143089970128930621,1143213397000524230,1.079765
18377210,0x518e941aa61ee25c77e61a2ed96dd5728fc06dfc20183108f17c3c7bb05ca8ca,1697630411,86400,1143213397000524230,1143352787597958150,1.219288
18384365,0x8ad6e2b41d1c5aa895d174edb9385e0a27774117beaa8a106c4e29bf828d0cb8,1697716811,86400,1143352787597958150,1143460902465163371,0.945595
18391506,0xec05c50d9ed342a2a4ac01ccc242e0dd74aed18b21454013a3f45f7a9d879674,1697803211,86400,1143460902465163371,1143578676824149996,1.029982
18398667,0x658e3173c12c7e397cbc18f46ef651cf7ae1da2434b15805afe8e443f54949cb,1697889611,86400,1143578676824149996,1143695137251034177,1.018386
18405814,0x331902219e0d4614f0f88aecee174094f58c2d14910ef8946b39a8db851cecab,1697976011,86400,1143695137251034177,1143801629854142872,0.931128
18412937,0xa818702e14da0e3aff68848f54555c803e49abd2ce95fa8479a6880cae8074c5,1698062411,86400,1143801629854142872,1143913215373500178,0.975567
18420094,0x9732432493e63a7a00c958bb694ff5cf1708ee077042ff8a9134c8be131b00e9,1698148811,86400,1143913215373500178,1144044912485752491,1.151286
18427223,0x8f6bea9e0def151a21d41675d8b20127e9a45dbc4faeac034310d7af5770a6b5,1698235211,86400,1144044912485752491,1144158867959965673,0.996075
18434375,0xaabc7e62fe4e72146d86994572aae2d734f2f620f766c3b7821338a71176e1d5,1698321611,86400,1144158867959965673,1144283797599278739,1.091891
18441529,0xbd42990cf4c7f04187d2e91a2190ea701b0022377c7fe1692291f3ef077f6917,1698408011,86400,1144283797599278739,1144404402245424765,1.053975
18448671,0x86ad91d481240a0341416507cd0c8aa795da3e624a48fa1e1e134eea5113bd2f,1698494411,86400,1144404402245424765,1144541743163464831,1.200108
18455807,0xfe3b5e4b48a009d9997ca74310923c072d728406802abd27af16fba547e660d2,1698580811,86400,1144541743163464831,1144648668982797943,0.934224
18462943,0xd33ed9bbc350d36a9ab6a60977cf4f0982c609c5da9280603dd17e91743489e2,1698667211,86400,1144648668982797943,1144757539111339885,0.951123
18470083,0x779f6b61ba7049c178f6d7c52eef82071d23ecb23efa9e0259726f1931d1c740,1698753611,86400,1144757539111339885,1144880564082368223,1.074681
18477223,0x2aedbbe9053e787031c97ecf06be496d3095308d2686f76dc02f1065d4e1fedd,1698840011,86400,1144880564082368223,1145001444485884884,1.055834
18484367,0x4f35d1f4f1f040bbb54539360b83605b186068373b920fd10ad63f9930e51e91,1698926411,86400,1145001444485884884,1145124349358095518,1.073404
18491531,0x9f93cd66bfea29f52a275f532d12d9e48004fbb24998488821955a65c509236d,1699012811,86400,1145124349358095518,1145237639185999309,0.989323
18498641,0x54aee9ca9473222ae4f188835965fcc31599c2ba803be2a0d7c2f986d83e7d9d,1699099211,86400,1145237639185999309,1145351899071177068,0.997696
18505780,0x4139be624a6fc62673e4f8e8dad715bdd078ba36feecaa06bc714aa0e14925c4,1699185611,86400,1145351899071177068,1145460086500559143,0.944578
18512914,0xa470c5e39b86da09ec74700c2862d9fa3a03b9542bc75e1e143b614af2d37f8b,1699272011,86400,1145460086500559143,1145576509798626225,1.016389
18520047,0x7c42d936de4526b360c3f3d788a16051c25b8846f301ddce9af7b7f53e4ae225,1699358411,86400,1145576509798626225,1145692226355873239,1.010116
18527202,0x07c4269c532829c6962879387b90fbad80107efda81f4a741cb44186812c6871,1699444811,86400,1145692226355873239,1145813167107669109,1.055613
18534376,0xf482ad0d6b7d83748aee4728c81f3d5a6d662577fad6b7a55c73e39f3286f910,1699531211,86400,1145813167107669109,1145935056506024179,1.063781
18541520,0x4d5a74121ab78e79615d84709bb20234939eb7d8894f88823a9ec7f97470a5f2,1699617611,86400,1145935056506024179,1146080116165637021,1.265863
18548678,0x6cbaae27650a0d4d5fa4800c3ba6b5d67e4500dc3ba3f42436336fe4abbd4819,1699704011,86400,1146080116165637021,1146201676555127084,1.060662
18555813,0x018e5f90a19cd85553ad3fe3ad700183832990256477b72390c317cd7bcea7a9,1699790411,86400,1146201676555127084,1146317827229466951,1.013353
18562967,0xd5d807d83b9adafeb6cf93e02c51e465024b86c1af29498e941256b1d7d60129,1699876811,86400,1146317827229466951,1146438017793004401,1.048492
18570150,0x9764f8577e862798826fd9600a7cc5b63155960a5e50eae248575b90c1305dac,1699963211,86400,1146438017793004401,1146574285570086126,1.188619
18577260,0x453f25bc77c610b9b799f3f7ae53ba6eda2154922a058b806cf0e478db3d0daf,1700049611,86400,1146574285570086126,1146702390083012521,1.117281
18584422,0x8f3874254e4f58b090b748c1510be3ae29a42908e58c2b37fa43e5dffa6ad91e,1700136011,86400,1146702390083012521,1146823368471893994,1.055011
18591567,0x36c3913f27013857a3670d892ad738d189be16f6cd515e14065d9f1a801e035b,1700222411,86400,1146823368471893994,1146936342974620297,0.985108
18598710,0x450f806afaef8f9871ff89bec58e370a4783876d4720c59d80d25364af098a0f,1700308811,86400,1146936342974620297,1147052418237481715,1.012046
18605844,0x2dbce5779753d559bdcdf7a04c61c37982180cfabbe14d204bc63c858c8cec05,1700395211,86400,1147052418237481715,1147159075941758008,0.929842
18612994,0x2bef7bcade9bc2d5084c5f85a027a8dc6b98c99a16a1c3da42a776648480fbf4,1700481611,86400,1147159075941758008,1147270030912712757,0.967215
18620110,0xfef888413285889737f41defe3098815b5e9d075af57ad84eb8f2cbbc33297e3,1700568011,86400,1147270030912712757,1147382163103258047,0.977383
18627274,0xd675c60b908931ab56b5fdabe6ef9e2c087c98d35d90fc1469bfa66767488628,1700654411,86400,1147382163103258047,1147509648521537664,1.111098
18634427,0x03f3622b45a9edbfe95325ff82295f5607bad59b0ad2c685b9466a9095ac61da,1700740811,86400,1147509648521537664,1147633437986086174,1.078766
18641550,0x6003a8e7dda41e42643af106751fb143776914fafcf62b9d6c15000f4d67b8ce,1700827211,86400,1147633437986086174,1147744913415257802,0.971350
18648707,0x7bb0e8d79618c9a61262a25d10e6599cde8babb5ed199cd3601f22eced15238c,1700913611,86400,1147744913415257802,1147855952563702022,0.967455
18655834,0x48643e261f7bbdbe2af96c0cde9199470cb2f1c95011a917b373e2e9314e1ccf,1701000011,86400,1147855952563702022,1147960576506003304,0.911473
18662976,0xacc903e47981560b54d03e98bc1006427034ebba774537421e7f1edf15c4b676,1701086411,86400,1147960576506003304,1148070971780498356,0.961664
18670111,0x427f89616a2dfa4b88ddde19b6dbc9de43520cabe24f1363eb654a02cdb87da3,1701172811,86400,1148070971780498356,1148186287603765100,1.004431
18677268,0x85f19d3b216c3222f0f7f4325f864f3fb3553cf78b285ba019c0810b7671bc5f,1701259211,86400,1148186287603765100,1148312110427749956,1.095840
18684396,0xa52242bdd97960a3a64bb841603966194fd47daaad7c0b83c624350e9c120c26,1701345611,86400,1148312110427749956,1148433691395006257,1.058780
18691535,0x43c376c6c48001b5931c6b71dcb338985f8dafd4706a31ff456878f6c0ab129c,1701432011,86400,1148433691395006257,1148556048706800106,1.065428
18698703,0x98685143006d792b76089ab31b10b90d1f860800f2d50a8fc7c0ec54289306fd,1701518411,86400,1148556048706800106,1148673760458824808,1.024867
18705847,0x65f39507fc2ad699d6887fbe38fbbedb266703281f17da5f26e566304085f3b2,1701604811,86400,1148673760458824808,1148783095338102494,0.951836
18712970,0x47511133c79e1fdc75bdb086827e02f2f9676c4f12f48862853eae6f9e6bb680,1701691211,86400,1148783095338102494,1148901021666981705,1.026533
18720112,0x050aaca126aa2704ca51038d67a4eb6e8fbff150de545378819e833a687d12c7,1701777611,86400,1148901021666981705,1149027250806610274,1.098695
18727274,0xc1c8864b23877040d9b5e576fe2c0c2d75177e7f09413c0a88195aaabade7746,1701864011,86400,1149027250806610274,1149156030772252818,1.120774
18734399,0x1581c6137643ef5d0f3d9f0638fc762daa9a5e95278c43c32c7c02eadeced854,1701950411,86400,1149156030772252818,1149283020413062406,1.105069
18741515,0x54e8178be9dad3ae0a7ec4e52bdd231b86d5a0a8b76e07d76b75f0a1144388c7,1702036811,86400,1149283020413062406,1149410932681150555,1.112974
18748638,0x9371977b3fe22009927e31389555846ff21fb007a39224e385b28812a05c804a,1702123211,86400,1149410932681150555,1149533853744633447,1.069427
18755773,0xdca112622c40a8a7ff82f2f542fc4f12e630a8c81a05d8e4f873bde2f12fecb5,1702209611,86400,1149533853744633447,1149640769957527054,0.930083
18762929,0xcb9ccd35070b3985a6fb28ac442813654fac33509b6d3cc8b6d551016ce2c61e,1702296011,86400,1149640769957527054,1149759653011484620,1.034089
18770086,0xc0faee1c6042367197c3ee9e27dab21b0726e9ddd5668e03522ae7172ab33aa6,1702382411,86400,1149759653011484620,1149886440834650437,1.102733
18777226,0xd17f2f86112123a3beef186763238dbc2725f516a733081458de270bdbf93604,1702468811,86400,1149886440834650437,1150003243159444661,1.015773
18784363,0x87413adbbd8f3624c414d333d587a2b0944596ced9e4f9a9d887cc39e1bfac56,1702555211,86400,1150003243159444661,1150117740747728195,0.995628
18791491,0xf2305fa07a38776fae68654c2d14d9a235f517f59649eddff3e3712a211b241a,1702641611,86400,1150117740747728195,1150247223076079955,1.125818
18798615,0x0f6b22602312108bfb5afd130e7ad6a7ad97e05a1b13776e6393fda6b9b06c3d,1702728011,86400,1150247223076079955,1150367150385998016,1.042622
18805718,0x251f8cc3fea4be64c1f9a9afd8ba5c03472f61285ffdb895ab32cc9d339c836e,1702814411,86400,1150367150385998016,1150493155975027605,1.095351
18812843,0x236c59565d261b08b1380d1f10618dac6646aedcfbaddf2c85decd67ec9da340,1702900811,86400,1150493155975027605,1150607068098836269,0.990116
18819958,0xc308f3173b7a73b62751c42b5349203fa2684ad9b977cac5daf74582ff87d9ab,1702987211,86400,1150607068098836269,1150725009180224306,1.025034
18827089,0xd7d56016fec2616c1faf0acd6a357f93701ce8ef3bc607b9ce4db96ed776c07c,1703073611,86400,1150725009180224306,1150842979236523803,1.025180
18834218,0x5bcc0c5d8420fdf7d21fa6b4cc48c9897b267ba43cbc9c8f20e66b38c17e3e77,1703160011,86400,1150842979236523803,1150975950438627112,1.155424
18841370,0x9b497d3d3426af41aafac7acc50d9e7fe44001c4e55fd9d2d800baa20f1a9bdb,1703246411,86400,1150975950438627112,1151090445916436110,0.994769
18848500,0xbfcc11c721caca6dbd091db785a09b4ccf6011fab292962f92571c602e742670,1703332811,86400,1151090445916436110,1151204708871767270,0.992650
18855601,0x03cccf41e79dd042519eab1d5c6598c9a583c3fe173065cdc97d974507ed01e9,1703419211,86400,1151204708871767270,1151313786310212348,0.947507
18862713,0xb04632aa2fda0194bbdd5e304e5368f67bd81374747eae423a9778cd58924870,1703505611,86400,1151313786310212348,1151428383966772411,0.995364
18869841,0x1ac16b498be69ce0fe92b8cd19bbfa372eef7e32306fece5b2d0779d9f26c071,1703592011,86400,1151428383966772411,1151532794526553114,0.906792
18876968,0x541ee65d95b08eb225ed779e230dd6fcab3861eefb94fa44605159c7a5539f95,1703678411,86400,1151532794526553114,1151642948936842082,0.956589
18884078,0x5a785d8df82f025f1e923d4d0e5cb6b92d0a893c829211f9f0449fe277658a28,1703764811,86400,1151642948936842082,1151765726593883840,1.066109
18891214,0xc22fec0d1cc390171ac3915a953e271355720ef68fc466727ceb75e0a15970c5,1703851211,86400,1151765726593883840,1151882153873605454,1.010859
18898313,0x0ada3da7511cab0dee53506d4cc801866ebbd901f2b2e78c58716e64675e584d,1703937611,86400,1151882153873605454,1151985770215326451,0.899539
18905445,0x6135f60c556c5a1607bb4cda66d20fb4ae03e81fe8776fd08ca2103621a9b837,1704024011,86400,1151985770215326451,1152087712903304784,0.884930
18912553,0x588d3ae5e31dd66788a4e9ac7f677a02c2e7b691dce014a7a6702153ef440e49,1704110411,86400,1152087712903304784,1152187337202249425,0.864728
18919675,0xbc986580ef6f425cc4758d58c9c6b3510baef86331097b5d64f27825257415ac,1704196811,86400,1152187337202249425,1152291119701005760,0.900743
18926799,0x06a828d3b5aaed2decd9fe105ac6a08a81c2a1cc62a12c01be418755ea3e8ba8,1704283211,86400,1152291119701005760,1152397397221848713,0.922315
18933937,0x44e653028cb82a9700fcbd659780324b8ff92bb9d8f7bf8420e5d9d70aecc3aa,1704369611,86400,1152397397221848713,1152563952644816658,1.445295
18941042,0xba3dde928d40fdfef54b7feb8bacd21ce1e110ab90f54b9a456602c00e52e01a,1704456011,86400,1152563952644816658,1152674192447139476,0.956474
18948147,0x78ea55ec052ded37132da9239c4fdafbc66f6f70fdc3dcf0924939d4f46f7c84,1704542411,86400,1152674192447139476,1152777237907575876,0.893969
18955169,0xc26c42e83e13eec29f9089d551e6ab627681752514447dcafd249893c891871a,1704628811,86400,1152777237907575876,1152876171797185468,0.858222
18962276,0x0ea41d247ab64414d03d284677f982e79e9d56124f96e37bbd840c3d3d8bb325,1704715211,86400,1152876171797185468,1152982823090463818,0.925089
18969381,0x7203a02f349b907683dd17b2f1913846aee63a30ae2f0d85ff0a8a2d5aa49010,1704801611,86400,1152982823090463818,1153094203124423584,0.966016
18976524,0xca2c2a774331b357b61319426cd241652878bdf25dd24ef3b573ace8ddbcd8cd,1704888011,86400,1153094203124423584,1153222004578747471,1.108335
18983652,0xd18322eb0f875e8694898e4e11c2c000e71aa1f7145e434cc34a95ac11ebf091,1704974411,86400,1153222004578747471,1153346949206786421,1.083440
18990786,0xcdba3678abe9a61864bbf527d3fba8cca4200b21b0a82122fddbf1d302cb0277,1705060811,86400,1153346949206786421,1153452656854028746,0.916529
18997940,0xda7dc05d06947a2c5baf0bb6cb62efe6c2cc78d32bcbc73e773deeea7cf226f9,1705147211,86400,1153452656854028746,1153563275909498382,0.959026
19005096,0x7773fd16f52d6c7bce71a2cdd1a3db3b196eb6062d7aa2187a4efc1da39c6dc9,1705233611,86400,1153563275909498382,1153670349866338071,0.928202
19012257,0x9ac91cc66975954b5468b9f2c3d55d37b4d921fe7697bff07106def56948c03d,1705320011,86400,1153670349866338071,1153777372655731291,0.927672
19019425,0x18db35f17c631f61e43fcc040492383cc83815ba043b1963f3e20a7213e044d0,1705406411,86400,1153777372655731291,1153892974143645451,1.001939
19026586,0x6151897e25aafdd23c44c0cf56b4277270c672007a3977f67e88a1a169b7fe99,1705492811,86400,1153892974143645451,1154006573395890053,0.984487
19033718,0x68fe44b94445c187424f142e192024434e89a39e59d1bbf505184bfbd5b6cacf,1705579211,86400,1154006573395890053,1154116640285510445,0.953780
19040877,0x98dfa3c90381ccbbcb37c69ccc367a12754455b83246fd31f370a11af2834dca,1705665611,86400,1154116640285510445,1154260888679126596,1.249860
19048053,0x31a5515a30a0af29f8efc34b99b27b88a39da38f4b0cfe35a20c59fee60f3f41,1705752011,86400,1154260888679126596,1154367761618989736,0.925899
19055208,0x517819fde30379874a5f49528fd0f77c67fde7e2a224810ec8509595ef819d46,1705838411,86400,1154367761618989736,1154468450143193143,0.872240
19062254,0xb94272f830166dff4dfc9f3d509066c43a4a3fe39dcc642696036c1292869562,1705924811,86400,1154468450143193143,1154569637267477011,0.876482
19069339,0xe71ac8b9f8f7b360f5defd3f6738f8482f8c15f1dd5f6827544bef8b7b4fbd37,1706011211,86400,1154569637267477011,1154690031824824994,1.042766
19076479,0x784368f1694bb4394442ab0bd43a69733255098f5b73453db17cefd4908b3a93,1706097611,86400,1154690031824824994,1154793408106003484,0.895273
19083596,0x064f219d69b72b63625fb3caf15c8c710cb2ff6115cd9f13984637710d115abb,1706184011,86400,1154793408106003484,1154900455605197760,0.926984
19090752,0x65edc7661ae612b87f46e8e2ae3844236de28140b149fa5491bf7dc42cc33436,1706270411,86400,1154900455605197760,1155014632091350831,0.988626
19097889,0x76517c39d07fd6935d2aa8b74e30e57788413740cedcef817b7c1be95c90dd44,1706356811,86400,1155014632091350831,1155127361662685305,0.976001
19105007,0x844c92c30a8cd397388bbe1ef1988f0d9131e1fbbdedc28dbc670af961dfaf44,1706443211,86400,1155127361662685305,1155231669493041750,0.902999
19112168,0x7ab5603715acd40b65c13d43a54176b7eea784543257bf16edd63cfe7fc4dc42,1706529611,86400,1155231669493041750,1155332740249227561,0.874896
19119295,0x4bb1d7fbedbee70adccf29a6bec4fdc7c0427e73b8fc3a770dc245af7d9f3460,1706616011,86400,1155332740249227561,1155439449804583581,0.923626
19126439,0x9dc012530dcd1f3b1f94a4a5740187b16ca0381f601005d65dd8ffaa68cbb92a,1706702411,86400,1155439449804583581,1155550410231650977,0.960331
19133551,0x406f1e0feb4259f667ef0ae2270933b2249fe8bd35f1eec36b8f15e987ee6e32,1706788811,86400,1155550410231650977,1155661164481330625,0.958455
19140693,0x8235c55ee3e43973710fbad71934c29e1b635e346e22a3923f3760d2c8d0b759,1706875211,86400,1155661164481330625,1155767031676795508,0.916075
19147799,0x53d09e409a9f1affd74cf3ca3c536fa900dd78dd8fff5ac0ed1c1aa21d690dba,1706961611,86400,1155767031676795508,1155878095820488665,0.960956
19154933,0xe54e20c06303a975264af1b0c0b48f5dd9d810e25a0c911acaa3fe51dd8ae80d,1707048011,86400,1155878095820488665,1155976072702967800,0.847640
19162045,0x71eb6c994ba206d35e9625c0139a94e85665fb2ac7a5ac3d2c346bc9f5a9de40,1707134411,86400,1155976072702967800,1156073390470503221,0.841867
19169172,0x5c056a7f36e2c15c47c839ed0a8690d2de0916c8ef734da31a977431c46dbd13,1707220811,86400,1156073390470503221,1156178624633912109,0.910272
19176285,0x7795caab60a5259902ab7875ad4533814e761e7bbb6b6acd81a4458d8139fedf,1707307211,86400,1156178624633912109,1156287643326159412,0.942923
19183417,0x9ca6a5bda1d982c871c74c6603c7c96d1559140bd69a64b692b59b2fc1a91293,1707393611,86400,1156287643326159412,1156407706800264746,1.038353
19190540,0x5e2714173292e546b41c4869894c43dc08e171c6e2cefdf4445a8a776946690f,1707480011,86400,1156407706800264746,1156530573279653861,1.062484
19197695,0xeba890c3babb88279e3ef5009c62dc2b771d67f02298d5b07eeb676fe7a33771,1707566411,86400,1156530573279653861,1156645877953267124,0.996988
19204795,0xaad954288531dd96d6da78cb65aacc03fe747f624f2805895905e9a2fcf6b412,1707652811,86400,1156645877953267124,1156751534262936691,0.913472
19211914,0xe3302401543472654948405397fc574a32d32cc591be4acf8595f997176d88cc,1707739211,86400,1156751534262936691,1156857719426981133,0.917960
19219065,0xa9436b01bb19d69a804037fa82a8a5abdac731514cecc4e0f1ad25ec26d66e14,1707825611,86400,1156857719426981133,1156993146835803417,1.170649
19226178,0xdd334616de2e694c9f8d9b3b2401d6a0f9dd3820fe0343adffa383bff5202d3b,1707912011,86400,1156993146835803417,1157105995453941980,0.975361
19233298,0xd76601b3f19b4704b8a012633f807b595570c71704d046ca1af70c91fbad751c,1707998411,86400,1157105995453941980,1157209899495068171,0.897965
19240437,0x1e1491082c850fb591a0375160f115272a0ef7317d169c04a4ac7aa1f85d4b91,1708084811,86400,1157209899495068171,1157329610464969037,1.034479
19247550,0x1a68e70c953c9995daf41b30d4c9f497400791dbc5d649ce0f1f18e8f6f52b4e,1708171211,86400,1157329610464969037,1157428692776783613,0.856129
19254665,0xd6175cee1336a9fb50172b58b466c4cca06c616dbdc93d0498ba425c7e9801f7,1708257611,86400,1157428692776783613,1157527787796245722,0.856165
19261768,0xb42635621b2677c0bf7d03762a70d59038090a10d33756b75d4d9eddd19ac44d,1708344011,86400,1157527787796245722,1157631222242093480,0.893581
19268909,0x454115eec61e6a911cc6c46c1c8e4f364512bc6a48f57e01b69c34b09d168c4e,1708430411,86400,1157631222242093480,1157737824921821831,0.920869
19276014,0xfcf4097cc6b61801e5c9f3a11f16e1d7f7fa76921d182e8b0c4ff88c1a6b5b3f,1708516811,86400,1157737824921821831,1157847717585739990,0.949202
19283119,0xd526936eb37ae1f5f4ed39d9edeaaa52759a5d0607bae742c8e2db6d7e65521e,1708603211,86400,1157847717585739990,1157957657529109932,0.949520
19290261,0xf275e4e92137cbe0a1f5b90452dc7c97924b09c833d1692045e273408bbb2bc4,1708689611,86400,1157957657529109932,1158065933612145016,0.935061
19297418,0xd004f114793fdaf6f6d52cc33900b221fa14564cbd5ce030604e5b7eecb50d1b,1708776011,86400,1158065933612145016,1158175871127083889,0.949320
19304573,0x69c1cffcd96e047e566e3a4316bb8838ece66f094e2e8a0ec590fd4c8c2da2cd,1708862411,86400,1158175871127083889,1158275708259191686,0.862020
19311724,0xa447c46e9d45c9c147b9bdbe231c8005e4ac5987c67bfa85d09b0a9fedaae91f,1708948811,86400,1158275708259191686,1158379174506084879,0.893278
19318861,0xe7ba4826e228f259657b5a601663b32dfb6f347ef113fa678f2f5e29fdc4cfd8,1709035211,86400,1158379174506084879,1158489314227548015,0.950809
19326016,0x03ea4cd04b092cce0043dcd53a06cad9339e88e9b18bda970ed1346a15af0a39,1709121611,86400,1158489314227548015,1158598006269984009,0.938222
19333148,0x2e9269b88ac72783e4ee3ba2f483bfc7def542be5a252ab14c70e4800fbfdbb7,1709208011,86400,1158598006269984009,1158715379877827301,1.013066
19340292,0x73a2702e8d5041d352e7ec3981da20961c87f69009be643920907620d72286ff,1709294411,86400,1158715379877827301,1158821228389584926,0.913499
19347453,0xac35e7d2979fc69d5c2eed47f010d08ec9189f0b1b8c9b4b8b9f0672791e0971,1709380811,86400,1158821228389584926,1158931962072856950,0.955572
19354611,0xd9144326880b49d22a6c4f8ea718243894c340b595cbb1f81726f7259bb2c499,1709467211,86400,1158931962072856950,1159036504821223090,0.902061
19361768,0xdee1fc5f4072059b6e2dcd640976db9345b2f928027e7a8535209fec0d65ff57,1709553611,86400,1159036504821223090,1159145976883805029,0.944509
19368936,0x77ea4fa28926440b233ae937301024822d5696f3cff8097b9c6f4bb5c7395ce3,1709640011,86400,1159145976883805029,1159267746023104173,1.050507
19376108,0x3781f1641eb8552eb72d589082b3e774cf1f1406c0b7ceac744027bbcdfe4a18,1709726411,86400,1159267746023104173,1159398858404892219,1.130993
19383266,0x20a41e9285614a53a8902001b4af10ae1ff47a2266cf8557bdd8be6ab1d604d5,1709812811,86400,1159398858404892219,1159522814463428990,1.069141
19390436,0xb4dfea3315ca482e14df9530cb577469342facbdae1fb8791cbc8f7575537b78,1709899211,86400,1159522814463428990,1159634676146387658,0.964722
19397508,0xce31458ca5c4a51376c1e16bd45def04dad00e994cc9034363f752e0ff63eb3b,1709985611,86400,1159634676146387658,1159746475482657335,0.964091
19404661,0xe016e65a7e9c11569fcb7e32fca3d082d6d193ba06df8d3721d685d1edc14a86,1710072011,86400,1159746475482657335,1159854567957350493,0.932035
19411833,0xd7f4123f2be69779168746d859f80864d075a63cc4ccb28120631c59d0537f03,1710158411,86400,1159854567957350493,1159968459212505288,0.981944
19418968,0x4482dc993c7bbc1258bf511c4c5cdc1d3351123b87d782070f613804f50d1ee4,1710244811,86400,1159968459212505288,1160085246719607960,1.006816
19426121,0xbcd2fb2d88c7d172c342d9e11efd28c23361b4f8c0ecbfc0c0c9048ef7eee5c8,1710331211,86400,1160085246719607960,1160200993414369644,0.997743
19433243,0x18609d2eb00406a30ad26184115a51c11b01fa56f1f14c0a39ecbac818113610,1710417611,86400,1160200993414369644,1160310203652918983,0.941304
19440360,0x569556dd4694408de8c8c0a164f4ace48273227c156b42969cd75034063f0907,1710504011,86400,1160310203652918983,1160427465465391160,1.010607
19447539,0xb8eb4c85682691e9cb9e3fd0dcd35d61b7060959bea821e1985e3d695713ca11,1710590411,86400,1160427465465391160,1160529944654172832,0.883116
19454542,0x21541fe80e0f7f21e9186046fd86bbf53643bef83c9809f6f5d87df2730824a6,1710676811,86400,1160529944654172832,1160635165504552148,0.906662
19461669,0x20d7229be5c6668b7a63b812d151ad8a5eba314297f09f3149783e704297370e,1710763211,86400,1160635165504552148,1160734474955918536,0.855647
19468773,0x4522c61c02560c7cd6596df05d599ee5a29234c69d9c32bc8e25296591eb4bd9,1710849611,86400,1160734474955918536,1160860144676336301,1.082674
19475885,0x934bbf16b838960db7af882be90bbbf9388d16cbd4b21574feef2548b316bcdf,1710936011,86400,1160860144676336301,1160968691786144573,0.935058
19483012,0x075284854d7b8eb7dd683c6fae8eb9dcd3263f0cdaf7880343f0990f07a7ab04,1711022411,86400,1160968691786144573,1161077490915995940,0.937141
19490148,0x9d04bb2afb1004155bafd54cca5c9de1ec801ea51370e9ec9a27c1cce6a0c636,1711108811,86400,1161077490915995940,1161179830902898325,0.881423
19497279,0x26447685ff07ef5324a910201f0ef62b172d1295df96cdb63804bac2e3cc9074,1711195211,86400,1161179830902898325,1161286204860433910,0.916085
19504382,0x0a80282625c00aaa5b224011b35c3ac56783e62b2f7d55fc1550a0945245a8a7,1711281611,86400,1161286204860433910,1161382097071078094,0.825741
19511466,0x38d2521daa86025694103bcd1e62f21cd235047dc57a87bbf4c1d793ffd3ea92,1711368011,86400,1161382097071078094,1161482742486588734,0.866600
19518615,0x5589652112bf8116db1940579a810f12287021cff87d3db290efc667c7a153e1,1711454411,86400,1161482742486588734,1161592996708759112,0.949254
19525632,0x2495683208e4251a49481f49fbb28967b077846c3ad946a48ca8029b83bb11c1,1711540811,86400,1161592996708759112,1161696543439843043,0.891420
19532586,0xf2ff2a32299a1bbdbf427b11443b96706ab9050bc8d689fcc92cfe03d7fd0bef,1711627211,86400,1161696543439843043,1161797901639620023,0.872502
19539636,0x17e64b99b4a22a1fd2b2cd888b369dff68cc9307affca45b60c46b8a408df474,1711713611,86400,1161797901639620023,1161902858684745045,0.903402
19546746,0xf3c29213de98011cb951b37fab543480fcc4587f6771680e930b647587eeb241,1711800011,86400,1161902858684745045,1162002098900041111,0.854118
19553849,0xeea399f64896d62b61079b7a4064ac169a95ab7e9b7a319f27b2998c98de7854,1711886411,86400,1162002098900041111,1162099789246041346,0.840707
19560957,0x1aeb45537e4f37d4a1c11784ed27279ce5d06361cd2eefdcb103be95dd688b19,1711972811,86400,1162099789246041346,1162199299244598369,0.856295
19568090,0x371b33236f937b59adf465dc5bccfcd5b5a79499a64082905cf29d6ff40d3b49,1712059211,86400,1162199299244598369,1162310706029619046,0.958586
19575231,0xecddf069996607278d0f4a5ee966dab648860a8585ee2c0463419a71857233ea,1712145611,86400,1162310706029619046,1162419320105199025,0.934467
19582375,0xa471e41ffb29f7fd7f98ebf0036c356afbfd05630f3aecfe101bfd92a535aa1d,1712232011,86400,1162419320105199025,1162527025119723513,0.926559
19589513,0x94cde4188f37895dacad4b52cf40d178226e92bdce9878ace2e5c766606541cb,1712318411,86400,1162527025119723513,1162638091272243757,0.955386
19596654,0x91dc773aba86acea425e8c22891352a5f607647fb5c4673cb3895264b570e5c9,1712404811,86400,1162638091272243757,1162744658257871557,0.916596
19603793,0x138158da9ed0fbbc9945df44f80c8cd92b88165b40427eb8c7794f4e919da2a4,1712491211,86400,1162744658257871557,1162841473513079334,0.832644
19610931,0xfb5b53f970d9b932e1c34d7aaa29d7fe087bf9227bcf133cf9afce0181148ce8,1712577611,86400,1162841473513079334,1162941713456930360,0.862026
19618058,0xa0d38ff2eb47531defef768737f5c6dfda26c8e0ffc94cbaadf79f6d6a42c56c,1712664011,86400,1162941713456930360,1163044246224693177,0.881667
19625206,0x884c209f18cb2348acebab66420c27ffffee14cadbb834f0e0dc2a1c40efc4a6,1712750411,86400,1163044246224693177,1163151251438595919,0.920044
19632355,0x1046da423f84f89f8d167d63948f234384ea5b12d33ceb6d7e92f5ca804ee7dd,1712836811,86400,1163151251438595919,1163261138292932841,0.944734
19639495,0x3381ca67defb38ad50700ee93e0c379f5cdfb8add886f728d08f0abff31fa44b,1712923211,86400,1163261138292932841,1163361340664295258,0.861392
19646630,0xf379ed9f130407845ca055d771099c056f795b22dd31b96b18c2420975a5a3c9,1713009611,86400,1163361340664295258,1163498628574681207,1.180097
19653737,0x61bf02c448bea7e850d1550681039fdefc00c1317ff4c5b67c07972ec01e8386,1713096011,86400,1163498628574681207,1163639970690005536,1.214803
19660878,0x182d873438a660a00c6de4d1e1a580ff3b88e53d5d31cf42d7f48ab3e69712f0,1713182411,86400,1163639970690005536,1163738796554130296,0.849282
19668022,0xe094d8c7cb0e3ee60a19ecc531fb0f457d4fb08f9f81185062748e088b9bc1ae,1713268811,86400,1163738796554130296,1163851954695178584,0.972367
19675174,0xf9273ed68ea5bb9b838a915aad4973f6b50155f836c55e0920766191c60bc576,1713355211,86400,1163851954695178584,1163953642719389169,0.873720
19682324,0x5c37229023229446f873af983286cd65b016e1f32c482380a90d6f2f055c859e,1713441611,86400,1163953642719389169,1164056829832995553,0.886523
19689464,0xebc82c19c90707d15a65393e259286a4605e1231c8cd027ecf83e19a32e7f187,1713528011,86400,1164056829832995553,1164161869876027160,0.902362
19696598,0xa54f597042506e6585edcf251e64c4bf1aa3b7c08eb44954a9d4b06f2d37a27d,1713614411,86400,1164161869876027160,1164263034004636479,0.868987
19703746,0x736663cfe253f7576aaade9cc40b2a99f2cdf0458731b7e4b7880bc313331ce7,1713700811,86400,1164263034004636479,1164356780485829816,0.805200
19710908,0x57150075ada95371ace9dba2a2be3191ef42432e29c3f850b0baf585c1b0dd7e,1713787211,86400,1164356780485829816,1164454276599657236,0.837339
19718065,0xffef8258617735bcf24d4b18760d40afe79f1cc0ba1fb5bcbaa85ffc6913556c,1713873611,86400,1164454276599657236,1164553068533652417,0.848397
19725213,0xd3f3b7e2737582a0ad111fc77ccb3f18a34fdd4f246041ce47f2f879168cb542,1713960011,86400,1164553068533652417,1164672383765545712,1.024558
19732356,0x484cacae8436cc6017fa771b259d6c97d6174aa20566251ecf4cb8c7cae3df75,1714046411,86400,1164672383765545712,1164777391280979293,0.901606
19739508,0x1d64bd9e7421418445877197fd564810bffd73be3a39d9268df7f11dc2b71eaa,1714132811,86400,1164777391280979293,1164874927950308092,0.837385
19746635,0x315f0e7fda55899ee7b15b897f67c9c5393a3149b5716c07bb5e4e11c5fddd32,1714219211,86400,1164874927950308092,1164970742506368622,0.822531
19753805,0xa42ea541c8c22fb295f73b242d696f859e39ba45917601cf45a5daff9e5bbae2,1714305611,86400,1164970742506368622,1165064593541634856,0.805609
19760948,0x20b05b19051d70d56f601070529469dc5a990b3a785499226d63ca788d1f601d,1714392011,86400,1165064593541634856,1165161305628653248,0.830101
19768093,0x5db0fc7778b1467bddf1d7953c30239844ec15b109656fe92b6a590e73cc2f4f,1714478411,86400,1165161305628653248,1165258483159166905,0.834026
19775256,0x74aa4d2e6b0b77829c053fbd0fc2498d69a4154da7fd62c85f24ea7f09caaea3,1714564811,86400,1165258483159166905,1165364102107207648,0.906399
19782437,0x8111d00abfdea7cd7ff5b7e5d5308d5607c6a9d8ea506280fdde34eaaff875da,1714651211,86400,1165364102107207648,1165463121747402021,0.849688
19789566,0x555553420c2c1f7c73790c8ed55319151acd253192af2f3cee158feeedabb46e,1714737611,86400,1165463121747402021,1165556762289958036,0.803462
19796728,0x889c46a4fb64d5d3c6a54f6a287d30bbc803e48a7e9a6279e82a56963a58d5fc,1714824011,86400,1165556762289958036,1165652472983684442,0.821159
19803871,0x27bdc58f618b8eda47b3e6424d3c2ea55befb07cfe2cc8faf1f4c5946afeb271,1714910411,86400,1165652472983684442,1165742762786028018,0.774586
19811012,0xd183ecf1f88c51d5ad716a1db066445032538a4e9575d9ae9c614e4ba255b135,1714996811,86400,1165742762786028018,1165834928754638476,0.790620
19818163,0xd3e37bdb8dd55714faf7fb624a41fa5a2980ad55a1a9cdb17269522824ca28c4,1715083211,86400,1165834928754638476,1165928224549354164,0.800249
19825318,0x6352256d428b350eda40da7c76160d382007bab43b9ad719ae63ed4c856ee1c1,1715169611,86400,1165928224549354164,1166022555276419760,0.809061
19832455,0xadc2a510ca37674ff6cfa71baaaf022c1969f1604c15cc9a1ad28db25a670bc9,1715256011,86400,1166022555276419760,1166115485922357109,0.796988
19839610,0xfacbb8380397ec41bfd39ae34d135b610fe6871657a3ae599605cbb7a19edfaa,1715342411,86400,1166115485922357109,1166209160223626863,0.803302
19846787,0x78ee43e61600775ae08e7796f998a10d0cccfd290d25e2c87ba380325d481278,1715428811,86400,1166209160223626863,1166301569447289467,0.792390
19853916,0x68c552d131b3f9ed981bcf61627011183281f3dd04c18e0f81e0d7d8d0f0bdce,1715515211,86400,1166301569447289467,1166391371091580962,0.769969
19861099,0x6f4275e37d9246bfb26697101f803096fa953b2b8f45d53cb9ca73542ebc8222,1715601611,86400,1166391371091580962,1166483616777832525,0.790864
19868213,0xb4eccdbef53c08e04c77c9730b63df8878ff90a4cb937ea99f10c7bd9ec4d07a,1715688011,86400,1166483616777832525,1166582236709829833,0.845446
19875350,0xf15128ad7f0ac111d567b70efbf2696f1e8d01702f1e882c713850fd8bfbbb43,1715774411,86400,1166582236709829833,1166677977097523824,0.820691
19882519,0xfacc178e5ff3c142a81a5a283554232a6a2cab7fd357fa398ec41fa4f3419bdd,1715860811,86400,1166677977097523824,1166775189096657828,0.833238
19889667,0x5c03c60ba213cc06f0b8a3db8d74fba6c2b22f502bf2c3fb2891c6fabe1e9548,1715947211,86400,1166775189096657828,1166868027399794830,0.795683
19896795,0x890737a0ad1b57fd867306a149dd2f567067aea661afc040342a2fda8d470b90,1716033611,86400,1166868027399794830,1166956735936937983,0.760228
19903973,0x54f74c0e3803d010279cadf79f160fd7ef1f63d366bf19b6e8da89ddafbf01d9,1716120011,86400,1166956735936937983,1167047895563680014,0.781174
19911120,0x13f273a024ede89e6f824b935bc62d7add4d36bc9f3634df3175b0050449ac60,1716206411,86400,1167047895563680014,1167139929945551220,0.788608
19918252,0xb974c5962a213b6912929d515522467f9dac043ebf8b668951ef0caadadb7b90,1716292811,86400,1167139929945551220,1167265722284346098,1.077783
19925409,0xf451b5cb48fd114348f6e4767a904310df443abb3380b434ab390bee265a8c2e,1716379211,86400,1167265722284346098,1167367453772722542,0.871537
19932561,0xc5857c3dd87bfc2121d6e32e3c1c890138d9fb154cc1f86d789c4ae36202764b,1716465611,86400,1167367453772722542,1167469456863066445,0.873787
19939713,0xa1f026b66c513cdee41a16d691af326de0220ccdecbbb9d0c8870bbbb1c7586d,1716552011,86400,1167469456863066445,1167604992519136164,1.160935
19946878,0x3812171534b393c94a633062461d049a65422899b65f2ebb64fed2c3a3963ab5,1716638411,86400,1167604992519136164,1167701630178159854,0.827657
19954027,0x3450f99d29f3131072f3257d26f765d056a6b9d9809d7ca1321bcef11c5b26b2,1716724811,86400,1167701630178159854,1167796240393419728,0.810226
19961193,0xe0d45345b2612e26c55b88f2137b9af0450cbc9bd51dddbfb6f03486c1e24cd8,1716811211,86400,1167796240393419728,1167895461658804223,0.849645
19968356,0x33965510cf6638b3c1bf24380a54531025f57e2a1262b85d69b0942d026273ef,1716897611,86400,1167895461658804223,1167998492715637493,0.882194
19975505,0xb57b872ad043edfddf1456f3fd73e3deb8b4f1a0692e8d711507984a97531d3d,1716984011,86400,1167998492715637493,1168099282716384819,0.862929
19982634,0x3e0f496c068ef5564dc795cd540c613079d3ad31e10f1ebba128dc52fffed7f8,1717070411,86400,1168099282716384819,1168202823593408303,0.886405
19989791,0x72294b6f70b653f3d83edf47324274e7c26899f0355b2b97e7a3f1917c9beb59,1717156811,86400,1168202823593408303,1168307593499566101,0.896847
19996936,0x4d2f90460424c0bd51d892f7b82d1747324976d3127031c0a5a3583b96c3d8a5,1717243211,86400,1168307593499566101,1168407759655532237,0.857361
20004106,0x21ea4333dbe5d099bd30168bb0e8a0f7c1147bc0af4a555f5262c6462bb43d7c,1717329611,86400,1168407759655532237,1168508530281359976,0.862461
20011286,0xe305127a17794edef89dd68e3feb01a9bdded8d8e94e017c3f64f886d5680959,1717416011,86400,1168508530281359976,1168613038369911566,0.894372
20018452,0xcfa83e90395670dca467910b4461c0c5f20aed89d618255ed8afec4c7a418e18,1717502411,86400,1168613038369911566,1168714778888049501,0.870609
20025607,0x07d92ce96a1f326b67455520c65e9af29fce1c982c5e8102ae16b3a0986f52e9,1717588811,86400,1168714778888049501,1168819034657415652,0.892055
20032774,0x6c741b779b92488838515963cc71ad3b628ac2411dfe2f0425be3404bd08a961,1717675211,86400,1168819034657415652,1168931019955933295,0.958106
20039927,0xc240f4c9008c39bcae55929506ec1664dc12b85945ae6e31f6a9754164ba9dac,1717761611,86400,1168931019955933295,1169038952893610813,0.923347
20047080,0x2f132164c8951ad1849e62bc34f3447c1ab5fe59f37330fc1f982dc044141972,1717848011,86400,1169038952893610813,1169145207243294225,0.908903
20054247,0x6d6b2e6515f8c137593c2f668f8b8751bba7fa255f96811eb2ac5a392b938b1b,1717934411,86400,1169145207243294225,1169242670975991022,0.833632
20061399,0x66394b75aeb5a2ce568f211986cf13b0753979f6cb014d7f474933e976e74907,1718020811,86400,1169242670975991022,1169346470791166406,0.887753
20068554,0xb478eca23cb96d3a42230f978a9884553a7382b782c4b2b273d44a49bb241d43,1718107211,86400,1169346470791166406,1169461012913107299,0.979540
20075730,0x57fd739896e82240062893a9e0328fdee8bf8ccaa50c004039201c3c0a9062c7,1718193611,86400,1169461012913107299,1169565511118934189,0.893559
20082898,0x6461543b3989e2f6d5dce1a92c3c196a79cb0af353bef96c93b25e9938af0255,1718280011,86400,1169565511118934189,1169683161636158204,1.005934
20090022,0x3da98148047117e5931293989ef4cdbbfefbd8d71aac159a0b5be89b947749f8,1718366411,86400,1169683161636158204,1169781604352280999,0.841619
20097176,0x03f135a5f2259ee6958aa8f8347a6145662f7e9759eaea330656b16c87ae4728,1718452811,86400,1169781604352280999,1169881744906722863,0.856062
20104330,0xaa3939bce4eb34d3ff2273c26105f2a994ac17ec6f963cf1d84b6874031f9d62,1718539211,86400,1169881744906722863,1169976449671575832,0.809524
20111477,0x43f2c862517113534d27693e671220001b9fbea62803fd10c1b402ab8c5701dc,1718625611,86400,1169976449671575832,1170070817670261117,0.806580
20118617,0xa3d6eb3bc03d90b2e32f8479d2275037d395970dc6b9635d4705a85288d267d0,1718712011,86400,1170070817670261117,1170173440811624492,0.877068
20125757,0x1e1bb1e42771b894a460fe8c671d876e0825c07585692c2de4d1f577cb530031,1718798411,86400,1170173440811624492,1170269744706954905,0.822988
20132926,0x0ee8093584feec32f9fd757f8bf41c3d64112670d348be521635099fa8b703d5,1718884811,86400,1170269744706954905,1170368974052320319,0.847919
20140081,0x9114610a82c293df93c57cdc3240df79657bd6d50d7a2651e52c61bc933aaad9,1718971211,86400,1170368974052320319,1170464775253929166,0.818556
20147242,0xb544eb0cd450d854b9ed087c1871354a6adedbbc8f5050927fb19fbd303708aa,1719057611,86400,1170464775253929166,1170557076710874130,0.788588
20154363,0xd882206c48a017842e52974f04b848a68fba9d6fcccbfabb1de66726fc09a48c,1719144011,86400,1170557076710874130,1170651529823668239,0.806907
20161526,0xa79c0b2b2c693eb144a7fd7e1c81434358b531e6c4a1c7716ab0812b7ae09436,1719230411,86400,1170651529823668239,1170747931602013434,0.823488
20168672,0x063493f4697107af507967678616cc1e604b37000eb5c0efd1d7da8e176f1c39,1719316811,86400,1170747931602013434,1170845514514030655,0.833509
20175834,0xe461752f45b4e71ef91cd6b3db248e5e68e23dc2d1bd32789f3e2288dbb69d46,1719403211,86400,1170845514514030655,1170940610997357293,0.812204
20182999,0x711be61d6d47c5ef4dc18aa1e93be26f88c4081311cc8f597f0546ac97911a29,1719489611,86400,1170940610997357293,1171036142300899790,0.815851
20190154,0xe8c70669a31b4e60204dea161350676e40d5a6f87dd06f2e2a2ad2b138f50799,1719576011,86400,1171036142300899790,1171136607611431236,0.857918
20197351,0x446a1e7a6af9abba5bac21025ddc9593c9cd4ab1ba7897f430a3e9264318cd78,1719662411,86400,1171136607611431236,1171227098896131794,0.772679
20204491,0xa68ac39dbc439adbfa1753c62eff82856d2b49d9b6f15524d3f86fb261035d6d,1719748811,86400,1171227098896131794,1171316515842879537,0.763447
20211671,0x87a14f20cf9188416ab62063e54d1fb294cf938ef08de791b9e02bd4f02a9113,1719835211,86400,1171316515842879537,1171412657816191340,0.820803
20218812,0x44cda796853b344df639290a3e10643cd16a8842b8660b282fe49a10daf2672f,1719921611,86400,1171412657816191340,1171508094220152152,0.814712
20225964,0xe365c182603b00917b7fd51bd27549d619eb28f7bf1c7ba3f5a8d282ca2c1ddc,1720008011,86400,1171508094220152152,1171605619740878964,0.832478
20233128,0xd0d1c154d8c535e61f37213b1ecd952e206e8c39d8e9b51767681b8d961100e9,1720094411,86400,1171605619740878964,1171714733778044846,0.931321
20240276,0xf9249d911098eaa1e8aeab970ae268e5fdbb43ecfbd9cf9cc35f1648a5be846e,1720180811,86400,1171714733778044846,1171845812905029198,1.118695
20247439,0xf7d888269aa72f67553cf60f996c4b82dfea8a9b68cf71957afabe0e6a627212,1720267211,86400,1171845812905029198,1171943147984422289,0.830613
20254603,0xd0d55eb52e4aeef641f6afe6608bcfd8f60caa5295589dd6216e130d0e3c0e24,1720353611,86400,1171943147984422289,1172034146416445639,0.776475
20261767,0x1469c91ece2980997beee2498d9921a43cb0849844c1c88f678d09e1f659d8d7,1720440011,86400,1172034146416445639,1172127851273490267,0.799506
20268914,0x0ecf3d6b8b90d7a008798dbe0825cba3c827af67efead959aeb4d13e774f365b,1720526411,86400,1172127851273490267,1172223162572792883,0.813148
20276084,0x8eecc7f8c441b5461c3639cf7fd9f78ed15b0a60187c137e5827a8ccd8d7ec87,1720612811,86400,1172223162572792883,1172321088826878540,0.835389
20283238,0xfe347999856b50ecea802f8e946fac86a498bae753f211fa1badfa5df8000bd8,1720699211,86400,1172321088826878540,1172417359821440775,0.821200
20290395,0x056f748a3db2d3764bb448a2be9b9ade9d49f99f597f920d7df46a65fa0e25d3,1720785611,86400,1172417359821440775,1172515441280871886,0.836575
20297558,0xad840a64f45e538b44d579fb1f2d6d9900548c517dc51b562b75d9140837b6bb,1720872011,86400,1172515441280871886,1172608576702063553,0.794321
20304711,0x1e9aea321833c5d67119c25011d8b3b0483b856803ac40da634fc4a4c2fb6224,1720958411,86400,1172608576702063553,1172702081516873386,0.797409
20311888,0x942d0145fbe83776e6d65d443a35ed6fe20bb0f71d898c124d5872a6873fd8a9,1721044811,86400,1172702081516873386,1172795738129783349,0.798639
20319052,0xa1691e24ee5149ad4fc59b862ca25e6f3b2297a6c5c706321153da82aaf32539,1721131211,86400,1172795738129783349,1172894228380243685,0.839790
20326229,0x5b70d5e7ccb9833117d5a4a4c98da9590a38e4e1d5ff50db800a47788ea1618e,1721217611,86400,1172894228380243685,1172995124815152311,0.860235
20333389,0x48141d763eacde0fe24314c2e9cffa1da664198fc9bdafd0c46d4a7c9dad9c5c,1721304011,86400,1172995124815152311,1173102310077357376,0.913774
20340559,0xbac42a6c8c0f85535a5888949562423c0fb86d84d29507a7d24cb6dab3af85bb,1721390411,86400,1173102310077357376,1173203311732387154,0.860979
20347725,0x67b8b99b654ff13c05f65cc3f5bddf370d18550bf3c6e607bd866cd98045874f,1721476811,86400,1173203311732387154,1173296013679481590,0.790161
20354893,0x9ac8843846d1de6b18f75a09bd4c4d9c41b30d6a9739489aa1744539f2f38614,1721563211,86400,1173296013679481590,1173386929065294239,0.774872
20362047,0x8d9b0c0487c91760f554c8835d6ffe5d96a8c74737f325cd1f1e8d1e958012b4,1721649611,86400,1173386929065294239,1173487123849014014,0.853894
20369203,0xec6c25e91c8a451c3e7f72952068bc719c571ba81cfa1adfc9b25433c7c5c2a4,1721736011,86400,1173487123849014014,1173583349506592825,0.819998
20376397,0xb50ef2f11e042bc7f4e92a0c20033991661bfd9c94a3a2252ca2539299c0bd6c,1721822411,86400,1173583349506592825,1173678200081164574,0.808213
20383539,0xffa201f427782a7f2b760ef4c84be8567237fb5e23deabe8d5282cb35aa77abc,1721908811,86400,1173678200081164574,1173774471238681571,0.820252
20390706,0x33e9bdae4b50c469f15aaf567190b8bc4bb8fb2b2164022ef4abde054513c663,1721995211,86400,1173774471238681571,1173868744800786254,0.803166
20397869,0xe58934cd7c508511d2c65a3aa04955f5dd4282db449a0f3cca6a66c890709170,1722081611,86400,1173868744800786254,1173959129341288733,0.769971
20405018,0x5bc0f3b35c1d7658adff3b231c432c5b07de6cb91d29ac6e32632cf6fe1a2335,1722168011,86400,1173959129341288733,1174056306294661112,0.827771
20412190,0xd3f99732f069260f048dc95d13aea104f5826d007f511767ddcae6a0f1bc775d,1722254411,86400,1174056306294661112,1174146665442558861,0.769632
20419341,0x9906b936c217b8dc7d47e95b95dd4b920f99a4f878f009fb0548371174161558,1722340811,86400,1174146665442558861,1174240332176652014,0.797743
20426509,0xdedce6c29f0492636fa88ba64b9a7b56ec967d3d8f3de4474bdd1bf44b18d24e,1722427211,86400,1174240332176652014,1174336568520031596,0.819563
20433700,0x2e3a3c8553d902db60329b752a16d3d20e947148f3de566f3c700ae80b43eda8,1722513611,86400,1174336568520031596,1174434129707937204,0.830777
20440871,0xcd665a57b6f3fba445e11b069e6f459a70b3ffb31b204fa4eefd4927c3ca1ac6,1722600011,86400,1174434129707937204,1174530768455404112,0.822854
20448013,0xba9651bab331e2f333e9fde43df8f35b3591fee6455a06f8747f69167064d088,1722686411,86400,1174530768455404112,1174628840044321445,0.834985
20455178,0x93eb0e765c7b9360b9ebd0530196f996bbe233248ab5448163d9610d4cc334dd,1722772811,86400,1174628840044321445,1174722934338012347,0.801056
20462346,0x8f10d84b0c1845ac780e15831e2a331ea62ad6100e70b1fc3344cb4e78f46bd6,1722859211,86400,1174722934338012347,1175041632589993175,2.712965
20469501,0x529d4d1145d3f4ac841d1eaad23f9b4abf7b11824290baf85e91f290cad48d3e,1722945611,86400,1175041632589993175,1175156638813790774,0.978742
20476673,0x4924e4beb768bb32b29dfe51dbad2e0a433069a911cd7da98ce685451d7cb608,1723032011,86400,1175156638813790774,1175253893464227952,0.827589
20483837,0x9b077f2b32bfaba392c9375473dac559517a09e808df0a74af37b1f5d8bd598b,1723118411,86400,1175253893464227952,1175352819623351343,0.841743
20491015,0xcf71800bd0b7c47f3a1a594ce946c74f0f7220a79aaceb7da4bcc86b60495145,1723204811,86400,1175352819623351343,1175451889673963225,0.842896
20498180,0xddfb3be4f19eef421e58eda92a52faf6bc99efa01092fa3d41bee180fabf3e2b,1723291211,86400,1175451889673963225,1175545826621509870,0.799156
20505344,0x278a12df1287e4bd1d084673766a3f9895c72d47b5bb82ec47c27f21f1b8a97c,1723377611,86400,1175545826621509870,1175634366692710135,0.753183
20512509,0xbb7428f38a206651660a78b0944d5296b7362339388b78bed9e79a433f133275,1723464011,86400,1175634366692710135,1175730517281769823,0.817861
20519679,0x7c29835ab0714b73d231b9d40077e2d733be2fb246c64dcbec977aaa6df68ba2,1723550411,86400,1175730517281769823,1175827607446796929,0.825786
20526850,0xe8ab1c8f30a5cc5369dff70fb98d45426c699692580df3294f94e3fa2209c3c8,1723636811,86400,1175827607446796929,1175922614554448150,0.808002
20533997,0x0570dce831d854794086c71b98a7733e31d8405d9c16306042c6f23e7f5dc030,1723723211,86400,1175922614554448150,1176019152621000722,0.820956
20541167,0x725758076b635126276c3bc226749b91b825f88051481e844ba1d2d6aba6a3eb,1723809611,86400,1176019152621000722,1176113228240605231,0.799950
20548313,0xced151ee790efcc7fe9d2f6c1acb45e0e26405b2d47cb626b7ffefb8dfa034c4,1723896011,86400,1176113228240605231,1176201502918293800,0.750563
20555496,0x690e2f52835a6ea03a775b50b0c38ab32e6a4b81fe0fe6cc2db3f437ac31a57e,1723982411,86400,1176201502918293800,1176290367924123453,0.755525
20562656,0xe3edd20a048e7ca3ebb339d9a8b9a188b09a9f3075cd8eb467086324c90ae031,1724068811,86400,1176290367924123453,1176379845956799224,0.760680
20569817,0x17ad61d7e15797dfb83c00efbb5e6d51b51889a25ed030ef58248fcd0045a68f,1724155211,86400,1176379845956799224,1176472175710161143,0.784863
20576974,0xe35730f49a83bba27956bccee1d02409817a27951333ea59b9e391944b38880e,1724241611,86400,1176472175710161143,1176561706192330761,0.761008
20584130,0x57a7c70fde4d51756a8cef271777f8362608100e3d91d07aa3eb751f4a74f3ef,1724328011,86400,1176561706192330761,1176656717344730451,0.807532
20591279,0x33d7d409400917e8027aa9d32d19793def09e2c7324e818266a59810574426d4,1724414411,86400,1176656717344730451,1176745136578686951,0.751445
20598426,0xcfa2f8e65a8a27b06385782381eb9749007be1ccd8d5786628decb2403149518,1724500811,86400,1176745136578686951,1176836178944074984,0.773680
20605574,0x2d3d40980a38b7d15e742cdd6e6820d0d0f7bb5d1416b5f91f5ff9aef9902e96,1724587211,86400,1176836178944074984,1176923683300717008,0.743556
20612765,0x8e15cd394c5d84f5f94d46def36fc2cda08fc05bd759af469d16122524b90d0f,1724673611,86400,1176923683300717008,1177011700751322135,0.747860
20619914,0x0c31b1308ddc051477137e0dee1c82d18a3a8d4aa15d3d81d08e4236bd570f78,1724760011,86400,1177011700751322135,1177101458282319168,0.762588
20627077,0xc5de4d2bf28e35bdbbf0349a691c13f6cd85d3c72f98980fbd18b9db501377b5,1724846411,86400,1177101458282319168,1177202340341936637,0.857038
20634227,0xa708c9f134c69ab0de1772e9f5c627ed4f05dd73751cb2fa681ad76d31489a52,1724932811,86400,1177202340341936637,1177291724015665698,0.759289
20641368,0x9329ca97bc0370b35f68afdb018cd11bbd5698906b04832264637caaa158c02f,1725019211,86400,1177291724015665698,1177384583898074632,0.788758
20648536,0xe95f6b58c207db9c89788fff2ec741654d4cbae4ae962c01e0f623f69f83ac37,1725105611,86400,1177384583898074632,1177471092754026874,0.734754
20655695,0xa2aa5cb5672c9f71223e4f919500d7d5cfb1a4cd2f173797f80f0c95158e1d79,1725192011,86400,1177471092754026874,1177557325760677281,0.732358
20662854,0xfe2aebc6604d1f7d3430bab63fecd991a7eafb295c1e5005330ac56753577014,1725278411,86400,1177557325760677281,1177646024041724193,0.753240
20670057,0x6eeaf503cf7b7687fca5c79495a2e02315edf1817874c8080ac55372181b968d,1725364811,86400,1177646024041724193,1177741868035930771,0.813861
20677234,0x3ecc85c3b039a40aaa4e431f76b743e6b80d076ff6693d5e9dc9408fe1e1933b,1725451211,86400,1177741868035930771,1177835597859290532,0.795844
20684387,0x2542051dff80e10fd3b8c18f01065655de02f1382d42a258caf21b4b97f56f28,1725537611,86400,1177835597859290532,1177932972118907772,0.826722
20691544,0x49d002466c004ee278091fe10ce11d220e5aab9e8fab7e5acf50c743df6229a1,1725624011,86400,1177932972118907772,1178028052799414279,0.807182
20698706,0xaaf4b7bd28b3bd048ff5386b3367c1e64c85d9a1b49bb66bed6a8e8e609992c9,1725710411,86400,1178028052799414279,1178155230911962362,1.079585
20705873,0x889bcd7ee80825f7a2720df49b21ca979bbda8b228a3979657ccd8fa39e78422,1725796811,86400,1178155230911962362,1178244127073804655,0.754537
20713034,0x3fee2b633a93bb69acbf99b0ea7724c87a85b0d05dff2f927f39b8d7ccf9c8d5,1725883211,86400,1178244127073804655,1178337830884255212,0.795283
20720188,0xf1e90e33d0545baa0179f1d4603dc26ceb3580f01af001572410715728d5afc6,1725969611,86400,1178337830884255212,1178435346104718017,0.827566
20727331,0xe9e4ad798cbda4575bae57adfc983caffe10d803f1fc9e20b2cd05155c175bb1,1726056011,86400,1178435346104718017,1178532695749387332,0.826092
20734520,0x4255dc0d7ed08e26c37d00f18a4b25384b7baa3abad863721f022a366bfd02c2,1726142411,86400,1178532695749387332,1178626163408378144,0.793085
20741673,0x47f1680c9523194c210470c050e72742d18758ec549bf6c3ccd3412abdcfe279,1726228811,86400,1178626163408378144,1178718957397490305,0.787306
20748828,0x4892823a80ae9760e2aa0692c8a4971094408445ed416ca96fd603a4d8050af0,1726315211,86400,1178718957397490305,1178811240059969450,0.782906
20755992,0x54757df9321640f0f9aaa03ac75bf19aa472e8f9c6aa8666d3fd0c11865e57b3,1726401611,86400,1178811240059969450,1178901965134436332,0.769632
20763155,0x931b6f03ba727fcbecb5eaaf9aa0566fca2da3c3e792cdf9d37d609fe2f80c42,1726488011,86400,1178901965134436332,1179003808721990716,0.863885
20770307,0x5840463bf6a874e899d793a5d7faba9450197118b1e79635711250b1ad598c95,1726574411,86400,1179003808721990716,1179098689598137403,0.804755
20777452,0x9f371da808067f30becab7950d013d61cdaf6e965883159f23967d9408a29b6e,1726660811,86400,1179098689598137403,1179199188187754270,0.852334
20784619,0x58ff8786a88378c9dc65a189e57dffafd18af030c6ae72fc9182c6d5a500449a,1726747211,86400,1179199188187754270,1179304487619255040,0.892974
20791805,0x1c5c6f076e9ea876d742ef39d7cda13480875a786378c82f1bd655ca147d56cf,1726833611,86400,1179304487619255040,1179410338398588691,0.897570
20798931,0x2c849daef83e0d0227269f17ff0d94b9944c1718a400ca43a006771f617700a5,1726920011,86400,1179410338398588691,1179516984851867018,0.904235
20806090,0xc84bd0b1e193a3e66469c6f44acbf5619910faba733ec9d4af643aa30660fdd2,1727006411,86400,1179516984851867018,1179619475032439052,0.868917
20813269,0x5ba088b4c30fcfe368cfb0b2586410d4b5aa42146e35d7ae7ba5b70a1f9f7970,1727092811,86400,1179619475032439052,1179722521337083036,0.873555
20820457,0x4115cb54bc4292e5905b8182d600319c94124b4d293496b2c8b559172ed394c5,1727179211,86400,1179722521337083036,1179826202065778001,0.878857
20827594,0x44b4ac7d22bae924bbd0534067ce1e3bda55b389ed8e235cae414658decd6f90,1727265611,86400,1179826202065778001,1179928643922774098,0.868279
20834766,0xa0cdbd0be77a85543c72dfc6cf10b4f50c89655b3a9a7fb8aa6508d4162f6b4b,1727352011,86400,1179928643922774098,1180029597090664141,0.855587
20841943,0x008b7b96e906883d3c998f13b3a4c1ea4b61f6d8c565c8e910d950f4ff96b94b,1727438411,86400,1180029597090664141,1180134051248526600,0.885183
20849141,0x9c819be74f68cd3da64824ad90198e9474fb1047baca38745e7dafbcc818f4bd,1727524811,86400,1180134051248526600,1180229977428076339,0.812841
20856306,0x9947e7cfcc7f9dd62d825552d6943a89c424997387db6a440f83b181e6da036b,1727611211,86400,1180229977428076339,1180322970753662107,0.787925
20863452,0x15f315c35fe20be1e7f6ca64f61bc2c0f1967f0b8ca7fdb7dcd7e8ce7c7d6c95,1727697611,86400,1180322970753662107,1180418622795398622,0.810389
20870618,0xe43819ce16229e4e7e01dc9fbb0ca1f30f64a43835161ae3cc336cddf6214e85,1727784011,86400,1180418622795398622,1180516387107585890,0.828217
20877805,0xa829c6cde9b3dd570d1e0ea308989690066461ce5e9f559b4228c7eed97b93f2,1727870411,86400,1180516387107585890,1180615388603346850,0.838629
20884959,0xf274edac814e85069b456142adf1cf00eb4d09c32e33d20baffa7f43684bcea0,1727956811,86400,1180615388603346850,1180713051277492977,0.827218
20892134,0x617923e59685988374bb74c6543e8052efd533094273c9aa0ece580ee6fd9c64,1728043211,86400,1180713051277492977,1180808398291972984,0.807538
20899308,0xf54456ac5da5694dd86a656a9f7b5003f5625bb5e9c43bc8af40adae97909dbb,1728129611,86400,1180808398291972984,1180901603369635680,0.789333
20906516,0x166d0e629c3479c3245bb85c3e04bf9e471704a0093d609ec004ae946e12f802,1728216011,86400,1180901603369635680,1180997828204999661,0.814842
20913689,0xa3ed6b50ec23122595d0d762dabda9a0fae35465b654a66a30ee0feb7c67556b,1728302411,86400,1180997828204999661,1181096503086228134,0.835521
20920852,0x11380985c03ae94f68f8f0575184774d90eac80e04f110f1589fcfb6ff3b3d7c,1728388811,86400,1181096503086228134,1181205118477305019,0.919615
20928010,0x23ea1173287916aa44f89ce111f0dbbe8f31be64ea940dfaea77bece7f0203f3,1728475211,86400,1181205118477305019,1181316084034843739,0.939427
20935199,0x7c785dd44f9c368fbc247500f57fceaa32ecce8c960764aae3a948f3636b9d2b,1728561611,86400,1181316084034843739,1181417939406747351,0.862219
20942353,0xaeb5213a5e0dede02b372f087de1c010e432c006d7c0fae8a04d9865ad6db425,1728648011,86400,1181417939406747351,1181521077930070984,0.873006
20949490,0x3b64c765976e70de797bfcffe0bc3b24ad899ff4fcd95960b80a0f0b2e3a274a,1728734411,86400,1181521077930070984,1181620132312906850,0.838363
20956624,0x5593fee841efba05802bab95159ab216a3e16dd8c5cb55e909f1cae4601e0d4d,1728820811,86400,1181620132312906850,1181719951349221350,0.844764
20963774,0x5ec4d3ca75da348d72c95d7532cf401eb87befbdc9c56a4f1b5c266ca04acaa0,1728907211,86400,1181719951349221350,1181822936903738744,0.871489
20970949,0x0809a77a8b398aebf495c32b2ef4402989d250119fe0b8ddf5e3e436bc1c65ba,1728993611,86400,1181822936903738744,1181922609447881354,0.843380
20978104,0x55cb50fce3573da23eae12c199230881578a23f68d2ac798d91787728f0d683a,1729080011,86400,1181922609447881354,1182020273940667555,0.826319
20985267,0xd60f374f4742499e5703e0a3cabeade2e3e5e05eb4741b1e478ee3d830a6fc92,1729166411,86400,1182020273940667555,1182116634004235435,0.815215
20992422,0xe08d3c71f7cd2f5b9292806e417db54219724cdb971641157f1523b44f21ef8a,1729252811,86400,1182116634004235435,1182212948235414702,0.814761
20999585,0x9c0f411750800f7c20c127e7deef8064e21c2c6a96f71f65dd4498a6d1aa7802,1729339211,86400,1182212948235414702,1182306642976930878,0.792537
21006761,0x023eb8fe8050fa2efa34a4bba9029e916c575e3e138d1713e6eb701968b881b9,1729425611,86400,1182306642976930878,1182398374221086952,0.775867
21013921,0x7f9e78a7b0d19afe543ee4ba4c9b6f11ecdc52612367e19f72dd4d66a4e1bcc4,1729512011,86400,1182398374221086952,1182490176174525579,0.776405
21021093,0x188000d59b63dff0648021707eb9118a9f6e1caea2f7dbf060f06cd87dfdb4a6,1729598411,86400,1182490176174525579,1182586470344755362,0.814334
21028291,0xfc003bedf86fb7c5e239dc1f5a0c8a2b47704cb05ab6d8de23779a86ba73df45,1729684811,86400,1182586470344755362,1182681482004348152,0.803423
21035469,0x6ee87d8306da12c269a87300ec9c443c319b10274687df954c4deadfdedf4ca3,1729771211,86400,1182681482004348152,1182777030394205524,0.807896
21042615,0x05c0c333c273f7d5902153544c4e108fdceab21f33e1422152bbb3406e5b05d4,1729857611,86400,1182777030394205524,1182873219324591842,0.813247
21049785,0x80827b64fce944515792dd5177d4eadd2d27630f7ceac955d839c6a02f19066a,1729944011,86400,1182873219324591842,1182967951340236583,0.800864
21056941,0xf8c09073ac474109097a77a4b459e055d43cf466a4233a5222750764ceeae9ef,1730030411,86400,1182967951340236583,1183059251584803185,0.771790
21064098,0x3f56a1abf73a174b6cbdf8f87ba3726727c80d8d1eee554ce84d5dce9e012912,1730116811,86400,1183059251584803185,1183148964210535647,0.758311
21071260,0x05e3126398c1761abff3e68b5323482e1071c90e4b9f498676e1381ea5bf97c1,1730203211,86400,1183148964210535647,1183244426358309342,0.806848
21078425,0x5ebef7830aff2e78e89a57b90d7bc126f5e8b37b0dc87508e4953a337b80ae39,1730289611,86400,1183244426358309342,1183341448209638695,0.819965
21085608,0xa821807fe99a030b325099cfd7d2300fbc7e26f814629cb9b0d66d6211cbdd5e,1730376011,86400,1183341448209638695,1183435927670816349,0.798413
21092793,0xe374f2f47eda41edabcb05ea8f7ce785fb3a9ccf033f84fc98d4fffc78cc9805,1730462411,86400,1183435927670816349,1183538850989563141,0.869699
21099946,0x977cda305eeb4ec5cdaae57209cae2cb3a3ea0b1e3bb923e05c19134b2994161,1730548811,86400,1183538850989563141,1183630778103080987,0.776714
21107097,0x3462843b8057b1673ed7debae684dee4bbd8bffa016a5c32997c4d8f067b7ca3,1730635211,86400,1183630778103080987,1183723729001408737,0.785303
21114262,0xda6e94566c300ba72bf53f775e4ad2c06cb9ccdbe07547b796ee2abcb816f16c,1730721611,86400,1183723729001408737,1183816702024789509,0.785428
21121421,0xaa0957b65f386917eb25c1f2bffaec504c586bea5ed8176344fa9852339a04f8,1730808011,86400,1183816702024789509,1183911781679659397,0.803162
21128585,0x4218cc402bf2da0badd1bc36b54a207e8247bf47792dbc606143dbeb809e9585,1730894411,86400,1183911781679659397,1184016081099983734,0.880973
21135745,0x3666be769718d69c84b12d171d194b958eefba4390e6d495509fd25573a85e55,1730980811,86400,1184016081099983734,1184113428544008576,0.822180
21142922,0xc7595233b8aa866a87f1ca5681b15027c7513ab5761992bca1245275c9cd6a65,1731067211,86400,1184113428544008576,1184211700957550937,0.829924
21150099,0x17c4d44ce30b79ba41fe3a9b66c2f674cbbc11f8ccc5871325586c249e74c8e9,1731153611,86400,1184211700957550937,1184312320293304983,0.849674
21157259,0x71e5dd9e6f319beffaf22497582723e0bca5171a9abd50d8a48f244f4008110b,1731240011,86400,1184312320293304983,1184407116540245714,0.800433
21164428,0x9d9dc3b757628a881b0d7b5d9c13988b81810646fb74779c6522e94a6e2fae50,1731326411,86400,1184407116540245714,1184506257359188764,0.837050
21171576,0x7ef8bbca00b5226ccf8870dcc55e7d2e39f3c66a7a1f96aa2c6f6bd226e5b78e,1731412811,86400,1184506257359188764,1184618803550902105,0.950153
21178744,0x31c3e054bdef77a05af5a2df624e3756f899cad45efecc4d75c2a22d9c7625c8,1731499211,86400,1184618803550902105,1184720722984446548,0.860356
21185901,0x793e3d49bd02b6338552cf0d336a3f7c36af0059afb6e1cdf9ee08ee76d5754c,1731585611,86400,1184720722984446548,1184835034991747823,0.964886
21193072,0xaa2511f768cd21823827733d66df3b35ea3708f5db30783bc774c4d29cae030d,1731672011,86400,1184835034991747823,1184939446968174259,0.881236
21200234,0x9b3211cb834b072ff5e453967403f47003516be7efe69851bcf66773fed7c70a,1731758411,86400,1184939446968174259,1185037658772855713,0.828834
21207442,0x40e39df52d2c75a106b1918c8cdd73f7c5662d3ea9273c6c20be19962c3c1ecd,1731844811,86400,1185037658772855713,1185132498492790262,0.800310
21214605,0x1e26f636cfaa69e61b149b5c2ee544164801229edf13d03b01bf8d2ebb4142c5,1731931211,86400,1185132498492790262,1185227100109508944,0.798237
21221757,0x698c417b06c4a446f33a08c4bdc1d07067263c958ea33ec16fe82d22b386591b,1732017611,86400,1185227100109508944,1185325554498527905,0.830680
21228934,0xe3bd440afbba157c46c82d64c22596d38151f4859db805466ef9068727abeabe,1732104011,86400,1185325554498527905,1185424013541236168,0.830650
21236083,0x885f1ba4d98dcf9c537a32a724be78e9b3526ca9ccd46766867c5d6071d39194,1732190411,86400,1185424013541236168,1185520896304546857,0.817284
21243240,0x511ae822739aa6c47c00048814ee8834cb923eb0f5249430ea3f28a2b7c5a435,1732276811,86400,1185520896304546857,1185619718704611117,0.833578
21250415,0xc5ae19295ae13db1422c602c7169ff27c28c4a67c653c213dd253c97eb73fa13,1732363211,86400,1185619718704611117,1185716400157420239,0.815451
21257577,0xbce15971734f9bd05aebd8c5b43a6455491c6d94e99cca7c134e4bc36a7d4cfe,1732449611,86400,1185716400157420239,1185814132874953702,0.824250
21264776,0xf7719e973fcca87b609f2a32baaa5cdb1d2e09ad49bc63d78f5139ef791f37c4,1732536011,86400,1185814132874953702,1185908448716302740,0.795368
21271910,0xf6375966d66d077fa46fb6bd99401289c90536f088e19e805cdbabc7df2d19e4,1732622411,86400,1185908448716302740,1186005744833312428,0.820435
21279065,0xce86c6d7406450830b12bbf1718175b34a12a74a95b9dab1ee0aff16e3721a8a,1732708811,86400,1186005744833312428,1186101883005106763,0.810605
21286182,0xc1fa445388311d81ba2d59bf213debd0d7c67fbf6128b9cebfb0f9e80f481ecf,1732795211,86400,1186101883005106763,1186196354642612868,0.796488
21293328,0x2a95e8e45cca4a18b73d418c3efa44aa8f04377de4a55500ccdb548962905608,1732881611,86400,1186196354642612868,1186287542760351618,0.768744
21300467,0x5ab84cc6250e2293024a6cd97113c025a87c94eff06ad68987bf6cef08daf090,1732968011,86400,1186287542760351618,1186378629897886366,0.767834
21307626,0x9dd778bca7b0176025b58c611cbcb2cc222695e40327f03de4ed3b19c53f120a,1733054411,86400,1186378629897886366,1186469360675171613,0.764771
21314793,0x3c9712a2861e7d3bb2c14d850c76dfe5dd03baeb47cda213245dcdcb86c9005e,1733140811,86400,1186469360675171613,1186565068537274630,0.806661
21321981,0x121ac286f5942cfeda8fcdc34c324e34162e51e347a382885d08a7400c03b1bb,1733227211,86400,1186565068537274630,1186666219593844843,0.852470
21329130,0x549800e3eac66f34b8faeff03afe09ba3ac1053b2da194d1e74b52fd6809cce8,1733313611,86400,1186666219593844843,1186768427816612869,0.861306
21336287,0x7e35f0c2cfaf2ad41babb66ce1a56219e62a32154a256a0a082e0deab83ea2c5,1733400011,86400,1186768427816612869,1186865805717031753,0.820530
21343432,0xcfc27d2e84b9ab01529c4e2939728bddca7d91c582bd0f6e5738b489b534f6b3,1733486411,86400,1186865805717031753,1186974349759310394,0.914544
21350589,0x6c2dca2d0c12a72050c10f7421adf9ad297b84d277184078b339505537305db7,1733572811,86400,1186974349759310394,1187068410055338365,0.792437
21357747,0x36bf1544f7ae9f5f10d5e7f0b4473df30c2b04e99048ae47913ddfbebfb8ef95,1733659211,86400,1187068410055338365,1187158821785464845,0.761639
21364922,0x1bbcf503680bba223545b5fea81474fef461d1b3bd74827d62bfeeb9400467c0,1733745611,86400,1187158821785464845,1187251706061207577,0.782408
21372072,0x9a2459845874b77968c5615692760d52607d93ea29d069edd81b4b2f42246489,1733832011,86400,1187251706061207577,1187362676214505176,0.934681
21379265,0x0bc54208a951894f7a4d0b2d8688bde5b55124625275d105a7fb93b12f487142,1733918411,86400,1187362676214505176,1187461427002377268,0.831682
21386423,0xd3e04cb6ade70fcec0c352bd6dba5096f06586955fd78390552c99930df09da4,1734004811,86400,1187461427002377268,1187556523909019606,0.800842
21393583,0x0671e294c749453ab3a09d6a2e1505d8ff87c72bdc80e4c0f49aad28d835e50e,1734091211,86400,1187556523909019606,1187650768095269202,0.793597
21400735,0x5498cc73d0c949c1077a0da25c6f9b6c9dcbbb7a91bd7274c78ff09dee697adf,1734177611,86400,1187650768095269202,1187741726291778415,0.765867
21407901,0xca6a4822203ca1b9de6d3378b5e31b2b01917944c627f41f8722d61d63349e12,1734264011,86400,1187741726291778415,1187831557926490503,0.756323
21415057,0x9ecbec45787f2d051763640e5a4b0c446e5d83fa5e839a1347efbf3e29bab3cf,1734350411,86400,1187831557926490503,1187924457417102607,0.782093
21422241,0xd75a27e1de899316156cc3dcbb4cfbec51a898a77130f9f5abdd9099c59c4a51,1734436811,86400,1187924457417102607,1188017760048635788,0.785426
21429391,0xbb04178edf56c9a5a12a1be2846565d9b58014e3952b058d336a9683262997c0,1734523211,86400,1188017760048635788,1188110727574406443,0.782543
21436534,0x97e7a8d6d28d3ad0ca59c0cde78bf449056d9ffc60f93f914500ff1b14e7be18,1734609611,86400,1188110727574406443,1188207340745511928,0.813166
21443728,0xc168fcdb456d57b9a6616f362652ae85e7478d5f96a2dde43a42f44f29d60186,1734696011,86400,1188207340745511928,1188313990768870835,0.897571
21450867,0xcc66a87d10c1d1eced62eebd137ed5e1a40b013251d6940c621c4a89cbfbecba,1734782411,86400,1188313990768870835,1188409203962401337,0.801246
21458032,0x3024eccd7f5cf31f4de1b906b9ea07784417084704e1ff544fda3e7fd3bd04af,1734868811,86400,1188409203962401337,1188503547687903668,0.793866
21465154,0xfeb67b8f45fcbb5f3e647636c88f2f294c8dcca4f5c4f9b443a3c96d534ee472,1734955211,86400,1188503547687903668,1188596651060688523,0.783366
21472304,0x709d7a2b4ed836d4ca8b05422e2bab4fe1d2c80b428b6e6f9bc6b8714a8bcaa2,1735041611,86400,1188596651060688523,1188688565591270986,0.773303
21479464,0x5a744ba17d76cd548f3420a153d354e11815eed492f87742264c0b279a85c159,1735128011,86400,1188688565591270986,1188777860779880087,0.751208
21486609,0x06a22585e94cc54376068aa0576862509553d91b0fbb5669e0da3cfed155d969,1735214411,86400,1188777860779880087,1188867458265768401,0.753694
21493769,0x0e54647073617b8815a5203bcf4af6a5d4e3f63676a18c9c5c6017850a85ee4c,1735300811,86400,1188867458265768401,1188959300652414525,0.772520
21500958,0xc8daf9a094adf86ab7361cc461736c92f90e6cb9dd1ecd7b8944f9e2eff59565,1735387211,86400,1188959300652414525,1189049226948322039,0.756345
21508124,0xfb4938552c7dcbf28391b266dd81f28a11636ca725f3b2c31de5c3d8ee1203ab,1735473611,86400,1189049226948322039,1189138552999033167,0.751239
21515275,0x1f2246ed38b82e8f70aa34d90304cdfedac6586d3ab76ae6f642f72237f7f89d,1735560011,86400,1189138552999033167,1189228201354801115,0.753893
21522432,0xc131a716316d57cba34be8596fca69714107d418bde865b1435800d82e283899,1735646411,86400,1189228201354801115,1189324680814567950,0.811278
21529587,0x1f70641580f1baa27fd77985c7fa96014032e302416c57dd31ca0d32d6765460,1735732811,86400,1189324680814567950,1189417475438185285,0.780230
21536758,0xee86e80e32455e7c6927fa99269a359b1f6f2520687a1bad32ed6a5e6550af71,1735819211,86400,1189417475438185285,1189514902439134704,0.819115
21543927,0xa52dd87489ba884384c649d570d44d7094671ef961f4e8be80bf3218d5cd6607,1735905611,86400,1189514902439134704,1189609487243933839,0.795154
21551093,0x4c36d98a6fcd6cfeb6898c94c156f54f882bc104523170163f5d49d07ca7b258,1735992011,86400,1189609487243933839,1189703059882413673,0.786583
21558275,0xd11d3c51661ba3e032b27b3a6d234e23886b484c24acaff7cb72a63949f6eeec,1736078411,86400,1189703059882413673,1189794548902717745,0.769007
21565423,0x30ea6418fd2d81c976cdeadd2667fde02055223976b5c738895f935d43853e9f,1736164811,86400,1189794548902717745,1189887409744362566,0.780478
21572589,0xfd478205a1e3b3d1a81563387d0ba04c47c898a784a0b29520799b6f6774dd1c,1736251211,86400,1189887409744362566,1189982750225777025,0.801256
21579747,0x48fa89cdd402c383e0900f94d3e25c86a378741548a6dea0d76dfe851d1f25a9,1736337611,86400,1189982750225777025,1190081051944310368,0.826077
21586894,0x5fb94c413682ef9e40fbd730c2a13e9c214adcf1f2119528ae5984ea4b717397,1736424011,86400,1190081051944310368,1190177307203421843,0.808813
21594045,0x92a337f48c944a1323285d92a0a32bb1002ceb6bd6b62d8ccd21ee444625dc6e,1736510411,86400,1190177307203421843,1190272828525538502,0.802581
21601218,0x7e2979b253a93d93b798cfd73326115ceaf58ef0e253f53961d88e2aaeae2321,1736596811,86400,1190272828525538502,1190362772602692395,0.755659
21608386,0x5df444b340e98473ffa7e15d23c9384a3723a849531979bcfb48da26b09683a5,1736683211,86400,1190362772602692395,1190450794110523758,0.739451
21615564,0xe1868d4dd8f23b811ec1447cbd6b4cc0541d433f30e60b3ef9578f235da35e62,1736769611,86400,1190450794110523758,1190552272293593742,0.852435
21622722,0x133ee4f56a9de6a910cdfa2d223abbbf26f7962d7cfe019ee5990110fb57f121,1736856011,86400,1190552272293593742,1190649554778295376,0.817121
21629877,0xdcf08b390a6d58ca2c990941f617c06e30d22a20b3928c5af42476c8e8e37ff0,1736942411,86400,1190649554778295376,1190742694908610671,0.782263
21637032,0x24fe54bcce44457cc6780a5a70ba7a3274f8b20b233db4cff231156c35247b86,1737028811,86400,1190742694908610671,1190837179460056653,0.793493
21644195,0xe77229bf8a0cf3e1eec9d7a0e1a4992e48b6440818a6233a7b59cf6156b856ba,1737115211,86400,1190837179460056653,1190931471871676894,0.791816
21651368,0xf3c3a588ac849266adddbf4d96ddce3ef820b3faba0f0059d2033a027a4dd4a5,1737201611,86400,1190931471871676894,1191028690285471934,0.816322
21658506,0xe765d60503d7678c2bfb77713c330cc3d0c84bde74fa054ab0501344cbcf12ac,1737288011,86400,1191028690285471934,1191131883314824122,0.866419
21665676,0xec44085a7b0f0240989701c463198d31e4bef3add88a3df7f96c251f989ef139,1737374411,86400,1191131883314824122,1191245125677266647,0.950712
21672836,0x94eaf7fa255f6ede28b0177c7477f06d402501ce170f3b92da96379d1faee5c0,1737460811,86400,1191245125677266647,1191356951291253684,0.938729
21680035,0xe542258fb626c103c559f4c422313d70bd543ea60ba7fc4ad4c73f350b660807,1737547211,86400,1191356951291253684,1191452171829070773,0.799261
21687185,0xc6fbc7be20b91e57334a7f2f8a519b17280aede29e2beac36306d15fe7696427,1737633611,86400,1191452171829070773,1191544931888253720,0.778546
21694359,0xee18dce9d29339c9a68179e80040ed8f9ea2711d18c52f517ee016c6d781974b,1737720011,86400,1191544931888253720,1191681658427916962,1.147473
21701490,0x9f32043d45c8cd916e59dff5e8f031933772e1073aa0daba3e7b5905b8ead094,1737806411,86400,1191681658427916962,1191773120620850250,0.767505
21708664,0xb7f12312f8c1d5a034d3b72fa576093c1a3e53013da90b32651557e1bd7cff70,1737892811,86400,1191773120620850250,1191862384385216007,0.749000
21715840,0xaed36b74b69de566b3358c558995b075aac993cd99e85f4855ddea2e654d85b8,1737979211,86400,1191862384385216007,1191962749225013727,0.842084
21723002,0xf993c208f53e9d96b6b976ba953f892c6e1487f894e9e199dbb0f422587c6d0d,1738065611,86400,1191962749225013727,1192057609255963262,0.795830
21730163,0x483bc9d81d3217521af710072ea06b46db2041119e6c67584893a8908ff34ce4,1738152011,86400,1192057609255963262,1192148975087869495,0.766455
21737347,0x2e28ce1e08e986cfe207e35264f8a30687756076253763b99cb155a042fb0c5c,1738238411,86400,1192148975087869495,1192243021352490960,0.788880
21744501,0xcad2c058bc7463eeb8a842a5da7115c06423df36f8e9218c13fe168e2dc81a08,1738324811,86400,1192243021352490960,1192334343817843196,0.765972
21751659,0xfeef3a5354c068929c686240469962b9f3059e9f9021a972b59e2c63d6436df8,1738411211,86400,1192334343817843196,1192426585477611147,0.773622
21758807,0xb20126762aec4137dca57fde2fa0543135e6e85e4acfda7f8520377741ee1218,1738497611,86400,1192426585477611147,1192516979486748397,0.758068
21765949,0x79f318c3f5093cb585659b3a8d45bf3432ea479e9523d8ec120494d2d7509f62,1738584011,86400,1192516979486748397,1192901380429707120,3.223442
21773116,0x6b6e6629deb110cdce15adb69961b52f8911a61213407e32efbd7d953c57f695,1738670411,86400,1192901380429707120,1193009489284357646,0.906268
21780262,0xd6a56d3468ddc84fa8e11eb9077c4868448785a7ab9dd45467d91c8f959980d0,1738756811,86400,1193009489284357646,1193108532881219542,0.830200
21787431,0xb9d04323e3e75e75ef9fc791120d71e060ae9e835ea27b061495f360df671975,1738843211,86400,1193108532881219542,1193200578226194752,0.771475
21794625,0xd1f760b448fedc5f4e7569833e6f262e916f3eaa60297d3bd1c3613359a95d75,1738929611,86400,1193200578226194752,1193296049611144697,0.800129
21801789,0x22a88f09a07f5552994fda34a5f5a454e9f2f7fe90fb7d0cea0a1d6c5ec92436,1739016011,86400,1193296049611144697,1193389098808845117,0.779766
21808950,0x5c4fb61e1b89badc94dec7c04391d3123642c65273ecb0e78bd460c7248679fc,1739102411,86400,1193389098808845117,1193477545735817839,0.741141
21816111,0x7e4b4e132c6041aa620b6c12c685616126d2f36bf61f40d2cd574eaa8cbb138c,1739188811,86400,1193477545735817839,1193570919723523327,0.782369
21823269,0xf9118dac02ce8d12d728b2b7b3989e1b0fe6958e224b1a4d420c76186708a0d7,1739275211,86400,1193570919723523327,1193662679537625398,0.768784
21830388,0xc36e1c179eb64114a409f200e0c3bcbfc31372c0f38196ec3904fc158a3623b8,1739361611,86400,1193662679537625398,1193754625929076823,0.770288
21837553,0xcf8d9976215e9ea93da24e47601860862262de3ab3bd19a38b15804c219dd59f,1739448011,86400,1193754625929076823,1193851243115399322,0.809355
21844676,0x542213d6fddb91241ef4d1be7cba72010dcf2f2dc232f04e89de40ceb8c2cd64,1739534411,86400,1193851243115399322,1193944434812540903,0.780597
21851820,0xbe98002e2bf327358976893109b5505253e31d1220dea2ae9cc510249fe6cd38,1739620811,86400,1193944434812540903,1194032305774630046,0.735972
21858965,0x7a775ece5f52f22a4a3a4208d1404c9372f888aa288420f5d7fd82456e8b046b,1739707211,86400,1194032305774630046,1194118963609554180,0.725758
21866093,0x0acd79fe8671f6c97659101825611acb435501249f409211703041d96adc9524,1739793611,86400,1194118963609554180,1194209378521273402,0.757168
21873242,0x8d0072c56604d133d275668022c4a3b360d2f99837a39edc9a7def1568f4c8bc,1739880011,86400,1194209378521273402,1194305656758386202,0.806209
21880390,0xf32520eea6b3c6e8f2583a026b245cb96efb6ab3eef129a5e7424ca258d292f6,1739966411,86400,1194305656758386202,1194396754009878893,0.762763
21887546,0x7bb221d4d6639152e0032f5986a76c783cb41ce3b627b6b9fb842e3c3f3c3ae3,1740052811,86400,1194396754009878893,1194485795316858507,0.745492
21894705,0x0f2cbabbf7c7f9e88982c3e1f57cfbcc4ce1e200ba7841d50264667cb3a0efda,1740139211,86400,1194485795316858507,1194575384726815366,0.750025
21901852,0x1e927d89c8c6f2486c2f576f93d95824cc0658809cba428ed898e67323bb8e13,1740225611,86400,1194575384726815366,1194673957086336436,0.825167
21909014,0xeb60862fd2a9c05b231c64b76e6d1e0cf38cf6b3084452ba5cb5234cbe6c0eb5,1740312011,86400,1194673957086336436,1194763497163739391,0.749494
21916169,0x5afb7ef3d0151ad93d2bd2808b4f333763774635699e52b9846d5cd69abc6403,1740398411,86400,1194763497163739391,1194854859945168921,0.764693
21923347,0x41c8a700ad715079b315c851acd974e1095f0854e8fdf7f2631f381288235a11,1740484811,86400,1194854859945168921,1194989275089937132,1.124950
21930487,0xce4838d61ab4e34a293f2c76283cb77bebefb6ca2c362a7fa2b66fa6166ba8ad,1740571211,86400,1194989275089937132,1195086863123037731,0.816644
21937664,0x6a9df05d501076e19dc7a5d97abae22d83eabcdc9c9432a14b87f80ba5dc3311,1740657611,86400,1195086863123037731,1195189608361800916,0.859730
21944828,0x9ed723c769d552bd28f81657a89f0dc1b93c3fc7f375cb25b844d07e00f5560c,1740744011,86400,1195189608361800916,1195323113697658537,1.117022
21952014,0x2a02191693aeb917d6f31578fd26a1c3d4f42ba1d2d17edbb407893e8be2f2b5,1740830411,86400,1195323113697658537,1195416371499624999,0.780189
21959177,0x166fff1ccf5ac62a30679326bd340c93a383cc37639e32710df75bcc74126102,1740916811,86400,1195416371499624999,1195506864743506479,0.757002
21966342,0xf1c1054d29fef321a9a24e44758f2e5a711d3925067aa62c56b5bc8fee573f88,1741003211,86400,1195506864743506479,1195615886103411923,0.911926
21973534,0xe9d927cf8c65736cb4b2c4e2ccaac0c254e39732498fadcb18f4aba868a066f9,1741089611,86400,1195615886103411923,1195734223870905253,0.989764
21980685,0x6109727c70662508ca4bb4d5710b47def6576fd25d4f09e2de06f2994d595627,1741176011,86400,1195734223870905253,1195836129576742901,0.852244
21987853,0xb90509381506ee5340354b95a7391083f9a898d4ffa5533ac2eb01f867a26d6d,1741262411,86400,1195836129576742901,1195930270709998799,0.787241
21994992,0x4d30d3ce2bbaa9495de9fcba7c6410796bfee269598110ff835710fc00702410,1741348811,86400,1195930270709998799,1196030240772213584,0.835919
22002157,0x2d60f14d727106fadb2f94a11f77406b6b1dd99aa7a3bf7386f90cc3ae20f0b2,1741435211,86400,1196030240772213584,1196126855892681476,0.807798
22009302,0x6d8a86af3bcb8c198da84ba2da9abb09948865e026507cc18d620c983865ccf7,1741521611,86400,1196126855892681476,1196215895182229411,0.744397
22016474,0x7c5ef931cfaa02614addd90eeca5a9c78d94f87f8e58655dab343cd6222727e8,1741608011,86400,1196215895182229411,1196316250627879869,0.838941
22023617,0xb545d8c10c55b33d8b4f915e6fdd0e46e89d92ed731f3c285c4f58497d685f68,1741694411,86400,1196316250627879869,1196475150137663874,1.328240
22030777,0x876600b38506d4ae8db040e696dbcd3b46ca93b951fecc78d54bf4041d69db41,1741780811,86400,1196475150137663874,1196593161950412329,0.986329
22037949,0x346fa58b67f456f53d55cb2ab7da368981d51985e7fc267b86ba00787273f5dd,1741867211,86400,1196593161950412329,1196685739449712498,0.773676
22045112,0x88520d56dc98e541d6c8af53ce5d9cef79cdbb16cabea34873ed6859b9959809,1741953611,86400,1196685739449712498,1196777851114313711,0.769723
22052274,0x7821b0a169b1a59829ad627072e34becf2315e03004f8c0bf3f71be35225aaad,1742040011,86400,1196777851114313711,1196869417446707901,0.765107
22059430,0x20ace72ed3b02117674990c55ea47d22e732636fa16577445ff3ee5c1d3f9cd3,1742126411,86400,1196869417446707901,1196958368134494071,0.743195
22066593,0x782e35d847974389c0b75e32881ec6deca6d5a5e3c345d0444b2fc24039b151b,1742212811,86400,1196958368134494071,1197046464714229678,0.736004
22073757,0xcfbdc101849ddea1ed15a35886e639b19e1e8ea2d8859b74a5371914d580e812,1742299211,86400,1197046464714229678,1197138034344173023,0.764963
22080919,0x4242c60a92db1a4d945b62fbf7c1d81420208026e7af4d9371cc61a7d32f713c,1742385611,86400,1197138034344173023,1197232205332596848,0.786634
22088054,0x38611e5bc91742511b6c32e2475dd7aece0ebadfb61df2f4b5b6e2a388703d96,1742472011,86400,1197232205332596848,1197328255213720769,0.802266
22095228,0xba4e537867f86ca8ef9f94c8d454c9b78bcb1d42ee0f9a623313e4deace0b63a,1742558411,86400,1197328255213720769,1197418134374853045,0.750664
22102403,0xbea3e2ae3409da46c182349a8b454511fe7b2669f4197cf20962bedc5b8f87d6,1742644811,86400,1197418134374853045,1197505632241314972,0.730721
22109577,0x1fa90bee6db4cc63fb18ae40329f6ffcb1d729a3c27c825ebac2e46fe8f2a0ed,1742731211,86400,1197505632241314972,1197592988129461857,0.729482
22116739,0xeb87d9c05b26176698bee2a4971b05295fcaf954757c2c4f6400cd9409027e35,1742817611,86400,1197592988129461857,1197680523829232549,0.730930
22123899,0x78f89502fda460be8780e03902af0aa3ed0ce051891d41c6a21c659574756ef6,1742904011,86400,1197680523829232549,1197769218989208490,0.740558
22131060,0xff22ffea7d9276d1b6352862b859beaa7414c25cd8546c82df6262c225cc163e,1742990411,86400,1197769218989208490,1197857428585462876,0.736449
22138227,0xf5b3f3e8012a88de522f7ef75edafa517eb342d92891c1bf2e8eea43d2dbb21d,1743076811,86400,1197857428585462876,1197947597739961161,0.752754
22145378,0x12654fa3e2c8e2b8714b43508711b7de0dec2d7fa52516cbd0c623b53ae05f61,1743163211,86400,1197947597739961161,1198046626915192557,0.826657
22152559,0xcf5b390b52887ed91818131bdd69e127f5c486144621139ff849dd11320d8bfa,1743249611,86400,1198046626915192557,1198138882069553778,0.770046
22159714,0xea9c263524931ca64e3a74fcc48b44c4941820cef680d26b3067179b3d4ba74e,1743336011,86400,1198138882069553778,1198229603271155077,0.757184
22166884,0x3aea13691e879652ed15e32d36555184387110189d8b7eac20b7cba2d3190b8b,1743422411,86400,1198229603271155077,1198319611063644606,0.751173
22174053,0x3a612d3e24b6aa5d60434e34f83de30e2d3e1c5ca279ab4574c3e971fadd69d9,1743508811,86400,1198319611063644606,1198411060292231943,0.763146
22181207,0xeb7c93f80fa4315a46c4315ed58c186b9b5d8d0b818ba18a65d333da1c296530,1743595211,86400,1198411060292231943,1198501674467052146,0.756119
22188364,0xce324edbf93a0e5922eab1156f29387d8ab115af4e8832d09c930c9f373790a8,1743681611,86400,1198501674467052146,1198599915030903371,0.819695
22195534,0x898e3dedabc6bbdce0b2f3e40a37e22f16b345f91e1a1fdc973ef407196678f9,1743768011,86400,1198599915030903371,1198693508956550581,0.780860
22202687,0x7e42e8e347e81bde4a1056fd5ccd4d8a7ea12dac4c2ef8fe37e69e6ac35388cd,1743854411,86400,1198693508956550581,1198784827893389703,0.761821
22209854,0x263efb21002fe03c252619f7fe63ff353d065fb77d77c6b7b8488329689611e6,1743940811,86400,1198784827893389703,1198872263136235240,0.729366
22217016,0x0f600f102eb0fecc298804677add90007b6d34227bc17a0b390d14a0d4810de6,1744027211,86400,1198872263136235240,1199113506473420894,2.012252
22224175,0x24c0cb0b01ade523b1edbfe72488716b92a39a09fbf9ce4bf496fc12647af667,1744113611,86400,1199113506473420894,1199216012881645436,0.854852
22231330,0xf20ecec935657af7b8d4e3378d5dd23884a10db0db5a407c4c98b05fb733b8f8,1744200011,86400,1199216012881645436,1199324140800687889,0.901655
22238498,0x33d4e5ca56c35cb5b34370b277ae17083ac30cc374d524c9f4cf8210dd1e36b3,1744286411,86400,1199324140800687889,1199433727364042426,0.913736
22245680,0x1d2d9659e46a5eba6627a617f864d464dc3e195b329d63c4cf6b2e10e1a46b03,1744372811,86400,1199433727364042426,1199537555107881014,0.865640
22252859,0x76a925cce266fafe9dfc1c77dacd54f26f7d0bc091bae0bec00c007964418de8,1744459211,86400,1199537555107881014,1199632370416696844,0.790432
22260034,0x9d8f8b05b7f64d32be63016eedd25c3ae6727ebd57903a53afcf9f8c6b2341bf,1744545611,86400,1199632370416696844,1199725767953057069,0.778551
22267217,0x032397973ac4ea8f8837341fcd0d9f7b67af099d875261ed9789e6b51ac50c29,1744632011,86400,1199725767953057069,1199823542364897770,0.814973
22274352,0x6183c8e5898ccc8fcfdacd8dddbb8ae88109217ac0fc672cb8e22116b3d3ba07,1744718411,86400,1199823542364897770,1199916584147358054,0.775462
22281539,0x8b340e9ffde718c4605d8b55fa68c211d743bc4b8954d5d523ca8d2125f7debe,1744804811,86400,1199916584147358054,1200009779496233310,0.776682
22288695,0xf9a65de0a0881d9544de9618e4ab22603cf342fdcf4e09a34f2c55980fdb8ff3,1744891211,86400,1200009779496233310,1200101369591475639,0.763245
22295851,0x978ad4a4908f2934c742a663dda46e7851ede024bd113c20b09b055b936c1d70,1744977611,86400,1200101369591475639,1200190813252562637,0.745301
22303018,0xac5481d088749d1a3b2596320319314e12ae80c4350593959e270ec37f99198d,1745064011,86400,1200190813252562637,1200278467350773880,0.730335
22310191,0xd856a1990d3c93bbf7964039e926357449c7e3deb47ce161615fcb744819b544,1745150411,86400,1200278467350773880,1200366700068651810,0.735102
22317353,0x1761faadfcac0385c8ac149e8737fdafcd6c1f8c8089675605f0259a3d2b0fa5,1745236811,86400,1200366700068651810,1200457074347483768,0.752889
22324530,0xd9511a44ee647e7c8811643edbbff6941141b9a128f10ab79a45230af8cf1be1,1745323211,86400,1200457074347483768,1200549586140529601,0.770638
22331688,0x790b6125ce42ac381a2d9818d759bdb62c3c95f858c2b10692d6d4788875dc4c,1745409611,86400,1200549586140529601,1200653514723163099,0.865675
22338836,0xf45058a2e0f50565f4b49c55286c83c73477e835a6f19f05f4c0faa104ee4507,1745496011,86400,1200653514723163099,1200749291498037438,0.797705
22346021,0xceead7038c14661aaf750e002a3b130426d3510bd213601f2117de0bcded37aa,1745582411,86400,1200749291498037438,1200841387039215844,0.766984
22353186,0xfacf7b5c08f38df267a739f3db027c5d29b0c33baa74c4146e4a3397c65194f6,1745668811,86400,1200841387039215844,1200932260731008960,0.756750
22360359,0xa51154992732677e85af728b59e3665c1db1049856ad01fe45d83989f86191e9,1745755211,86400,1200932260731008960,1201020797259320725,0.737232
22367529,0x327b2e6bef887a5b1d545dc1c394bc076b009b00b674a5cf81786ddaa28acd33,1745841611,86400,1201020797259320725,1201109766108580869,0.740777
22374692,0x172cbc7cdad2b2d54fdf3ba1ae03fa3c0df78c17a91f79870b252be5f0c63f9c,1745928011,86400,1201109766108580869,1201202679909282974,0.773566
22381829,0xc2a8ff83263e72f9ae8e0d7c8d532d5adca9e9170dd41674fc3a79140d57cafa,1746014411,86400,1201202679909282974,1201291025884788182,0.735479
22388993,0x45e4432457875cf22e66ee166e2121dccdedd4e063c91b73ead52ef8955542d6,1746100811,86400,1201291025884788182,1201382672908744337,0.762904
22396109,0x821dd91d4a35150ccdfabca8cfdcc72d759e6d538793780263ab719b3bac845c,1746187211,86400,1201382672908744337,1201472588369619060,0.748433
22403236,0x935b7ca02107cf37d3c13039900d083abdfd2e787934cefaa5879ec4b2aa6597,1746273611,86400,1201472588369619060,1201560511353447946,0.731794
22410366,0x36d8389e66b3ce017e50491a1a8653db68e0a168db7f26fe71146b692d9ce32e,1746360011,86400,1201560511353447946,1201647676512868792,0.725433
22417523,0x72adffd693e323147d19ce889d326d50bc156081f3e46236616ee8d366e84a5c,1746446411,86400,1201647676512868792,1201736444456007599,0.738719
22424638,0x79989ac739fdede3e790b52d2bd226e7960bb63480cdfbd8db79bfac75884524,1746532811,86400,1201736444456007599,1201825880788814688,0.744226
22432361,0x827e5093a94916616567e76dbe8d4041fdf4ffe4d25790ff149f478d81fadf57,1746619211,86400,1201825880788814688,1201914381721959247,0.736387
22438915,0xaccec70af04ba3eef4ffeaa1350d55795b5600eea7d990b4a0f38fbf02dc3d7c,1746705611,86400,1201914381721959247,1202003530329023766,0.741722
22445933,0x96be77947c13efadc97cd725841b6c13eee05e8caad56cf3c3971d684ccff12a,1746792011,86400,1202003530329023766,1202118025017976734,0.952532
22453475,0x644806f279c3fd3cd5f581c7d1d43f83b03dedb044375f37dd90b038ba2601ec,1746878411,86400,1202118025017976734,1202216536970809214,0.819487
22460073,0x98aabba65eb21644d36b58bfd7549b82f35802d8ad830c0839d4aaa8f81eb53d,1746964811,86400,1202216536970809214,1202319843479831235,0.859300
22467852,0xe547badc369dcebabd14ab0d1196c28f20d56e3cc6839fde3798f3384ccfe3a2,1747051211,86400,1202319843479831235,1202416263077917663,0.801946
22474273,0x49ef43243955034531b76b91eec91fa26d07e5d5e443adcb6bb0a2a37855633b,1747137611,86400,1202416263077917663,1202512817696234069,0.803005
22481383,0x34e25870385be46924309032240f9dfa362da64150d5dc73b85279742c326aa3,1747224011,86400,1202512817696234069,1202608384980199768,0.794730
22488486,0x7ea04219dc86d4ff2191963db613e935701c4075ab75033ce6790ba2b1626f26,1747310411,86400,1202608384980199768,1202701030134722993,0.770368
22495605,0xd0c22ea51e2aa4dfa8f887bdaae70aa6044987ef440e2d735241aa1d51e31f47,1747396811,86400,1202701030134722993,1202795394953200532,0.784607
22502733,0x2cd7e56d3ef65b16ef6e637d5b25d947759129afb7be5c8f6d9a8b97b6d874e4,1747483211,86400,1202795394953200532,1202886210521938467,0.755038
22509851,0xc6394bf02d89e33f05f3660cffbfc4b2fb485e9e0f4d4ef9edf0e4ab2b51620b,1747569611,86400,1202886210521938467,1202972671592918548,0.718780
22516988,0x3973702cd6e16fba2551e22e79e2c29583bdaf1d7d9fd7c67a539d7c510cca24,1747656011,86400,1202972671592918548,1203073466794064368,0.837884
22524104,0x8ce83a8251c641f7afa09172cef87e5724cb4039a20e5fd2635c69e8d3b2603f,1747742411,86400,1203073466794064368,1203170033836756257,0.802670
22531230,0x7ab726434dfaf979a53bb514e0a11c05f5a183b4c0db9ad9ebf9fb3c877d6075,1747828811,86400,1203170033836756257,1203261827623276896,0.762933
22538381,0x2d4d468c9496bc5fafd7adb366ab15cda8fc74b1882fea71cd851965ba672f79,1747915211,86400,1203261827623276896,1203358700915841124,0.805089
22545535,0x4deae7e0ac03120937700823bec30971fc9b3ef0cb0498c39f030407e033e385,1748001611,86400,1203358700915841124,1203455613279744255,0.805349
22552670,0x092b25eab69b284eeb674b3e78020e0c392d5b10885da19474c012caa2f58815,1748088011,86400,1203455613279744255,1203547910154390859,0.766932
22559806,0x9d7adbf48f0bc8f8d55736444736576c939689de25907f7e1bbdc938988f0217,1748174411,86400,1203547910154390859,1203636227017173672,0.733804
22566941,0x7d7760fd3f8fdcd9f0e108a956b4cb4d940d27fe7184ff4c0708c961cdddde6c,1748260811,86400,1203636227017173672,1203725954711711022,0.745472
22574089,0xe4d293a13263261725f5971da23c7329803c2e191a47c30b2ceff172fc8b1cce,1748347211,86400,1203725954711711022,1203816414953036505,0.751502
22581229,0x4f923374f82f0e2e9e85612be29e814713c1063888796754b529a5aee127b25c,1748433611,86400,1203816414953036505,1203909704229411097,0.774946
22588385,0xdb0649b8e55b5672367b222ff70d6933819e5f5de09488f000455b99d81ccb87,1748520011,86400,1203909704229411097,1204004367855909586,0.786302
22595508,0x1cc38fc56e1828cc15be82e5b7fc497287a469a4f01516e9072424f14c757b92,1748606411,86400,1204004367855909586,1204100144063642918,0.795481
22602678,0x9b0d677593b42195fdec75d77c32f54de38c2d78a51960d97a8925f10d97c580,1748692811,86400,1204100144063642918,1204195331203907072,0.790525
22609821,0x4c8457b74f71cc91a30be9a804391cac1d15100af5c563eade12f7406b6e8522,1748779211,86400,1204195331203907072,1204284668948239435,0.741887
22616965,0xbdbb9fd89c0518ed5fce24c15f9a4c09cb44409965b334375e4c80573db68b19,1748865611,86400,1204284668948239435,1204374585672407218,0.746640
22624098,0x57ed0f3975fb90b735966b6646f3e5db48cec101ff06394fe04c50fef6f30b32,1748952011,86400,1204374585672407218,1204466565589900615,0.763715
22631243,0x1012e3b6c1bc765ee471d6682b0cede39b5c95bc3f1bedc14078034b859bc7ea,1749038411,86400,1204466565589900615,1204558909198230872,0.766676
22638381,0x060ec5c2be1c3ce2ebf1652116606293800bfb1caddaf0e437e0df22cf9e01f9,1749124811,86400,1204558909198230872,1204650122672303343,0.757235
22645518,0x9ad52fc10df77aba7d26a64d05e5bdab6c8da54f82da9436176b6f3a661cc5a5,1749211211,86400,1204650122672303343,1204745063297151514,0.788118
22652684,0x73dec6d12a8c000208977af6c1fb0092eaec94e0caacae77f9447ec1657911cd,1749297611,86400,1204745063297151514,1204835565264684035,0.751213
22659842,0x24079572acac7a587ac3b7c675bdd5e87adf042d3a792eafb074a60a652cc00d,1749384011,86400,1204835565264684035,1204924029555287201,0.734244
22666988,0x1662626ea475279f859eaba86c8a3ed9acb15bf00ebf572033a1dabcbe1a96cc,1749470411,86400,1204924029555287201,1205012460021401603,0.733909
22674131,0x01fe3cce9fb66d8645200db610144d00288806ba18812ae902b7d9072f87c29f,1749556811,86400,1205012460021401603,1205104996076348998,0.767926
22681288,0x24318c874691fb9039b8e9fb446cca9f0b042540016440cbe63fd64a549463e0,1749643211,86400,1205104996076348998,1205197532041884459,0.767866
22688457,0x1994ceb98c8dfc12971da550e30d1ade74853d214c01bc0e66b3f63a6ed47fef,1749729611,86400,1205197532041884459,1205291056439143428,0.776009
22695611,0xac7b7c96006af65543e9665ef89ff24f096bf2afd6ada98647e2ed92e871633f,1749816011,86400,1205291056439143428,1205386737787903938,0.793844
22702766,0xaa0d2e08a8b76f748a8f8c06fb15fdbc038aeb038fd6259b29d6bc198a88bce0,1749902411,86400,1205386737787903938,1205473780828378593,0.722117
22709906,0x24be8bfb039efcb518a7ed616edadb6c2378451a36309bf78eed22153d86c182,1749988811,86400,1205473780828378593,1205558486114536190,0.702672
22717054,0x5df6ca4ec6a65068a09807cf1cf7228bd1e46f0dfde7ac053cc6799cc2b46a9f,1750075211,86400,1205558486114536190,1205646117423720571,0.726894
22724186,0xfa4bd7b248eda755132801960631eda07633141d2855690b980d55a695159500,1750161611,86400,1205646117423720571,1205737078336656566,0.754458
22731337,0x29a67ac8a7b7a61ab9aaffe8fd9d578e5e3593b669975641ce82a5d08bc1247f,1750248011,86400,1205737078336656566,1205824941654498669,0.728710
22738492,0x1566cd20c3fe0677e5bdc3bb7f5b9129a9b3d819f8f8c47abcd6339585a8994f,1750334411,86400,1205824941654498669,1205915662820262888,0.752358
22745658,0x45754b3f2fa45704082b540cfc9b0b34796d1e9e889e5b49703a9ff32c68f41c,1750420811,86400,1205915662820262888,1206004098762151478,0.733351
22752812,0x20c73b11c45ddacae03dad438fd81870a74e8e59b53f23d885bb6bf54e983519,1750507211,86400,1206004098762151478,1206093165589654000,0.738528
22759954,0x5c7e0fc1a5e66d2afd4f5a0d14ac7510b41cb9a8bbdaee25abdf3a48ccda9f56,1750593611,86400,1206093165589654000,1206191123918041335,0.812195
22767100,0x93d3ef0ba6cd14baf9eccb2e53ee5e6ca00fb75db8ecbabbda36a58ff1b668ed,1750680011,86400,1206191123918041335,1206289747464660974,0.817644
22774251,0xee86fd72c46dee01be55d515e8d49fd7e2424bbae775417a3a925aac5becd630,1750766411,86400,1206289747464660974,1206384437467175697,0.784969
22781413,0x10946a69c3e83652d1349cf734a5c0f8acab00939c525e44fec40d63720fb803,1750852811,86400,1206384437467175697,1206475482073480502,0.754690
22788575,0x6c63a1d044d8b37d90ed7cd29af7b3c6de1cc9ba4d85665cf45f8b6cb8944a43,1750939211,86400,1206475482073480502,1206565856239671568,0.749076
22795739,0xc4334a5a0d65c06bcd28f7960e29aff6d5861a9a900f55834741846baddacc7f,1751025611,86400,1206565856239671568,1206656417037294630,0.750567
22802900,0xdee44fa05fcff6e7036cafec22a7906360eb744dfd561632d9154b725ee7a8fb,1751112011,86400,1206656417037294630,1206743348066283827,0.720429
22810048,0x7742e2b5e5c5b60f75e4a338ba1d63f07baf4804bb9c6bd03ce215b527cc10ea,1751198411,86400,1206743348066283827,1206830705528506595,0.723911
22817195,0xd2accfd984e816bcca471a2673e1ca1f27cfbec7d2a67e8be1ed3a1bb86eaf49,1751284811,86400,1206830705528506595,1206918459327373575,0.727143
22824352,0x2254dca8d5aa0512fc2188e8abac21fe1e276f8308ab90b5d5bca24463d17162,1751371211,86400,1206918459327373575,1207007191860409991,0.735199
22831499,0x85f055b9d3efac4a104f629c1640142cd421fc4a79e9f5873364139fcb1c1403,1751457611,86400,1207007191860409991,1207095957138358547,0.735416
22838662,0x0b938d36e7476bff65b9be3115cb2525d620a423d985c998286b1e4ba2ac01a6,1751544011,86400,1207095957138358547,1207185268875870920,0.739889
22845816,0x3c221c435f1002091f152f4fd7fed50ba52c1df46a8f035f07909e6e60d5e0db,1751630411,86400,1207185268875870920,1207274412695057650,0.738444
22852973,0x994c3cce71332398746afdf944f0327b74b13e25f548058030de7194d24dae71,1751716811,86400,1207274412695057650,1207360649010927058,0.714306
22860124,0xfd5a8295593f4953e8731a287f1fc15f7a8e4a50405afc0413a349edf0fc93e6,1751803211,86400,1207360649010927058,1207447350052505815,0.718104
22867280,0x33202401fafdc37332699a0796f8bf7f04632ac7e05c84c6819c08bfba860c89,1751889611,86400,1207447350052505815,1207535289889546599,0.728312
22874431,0x4a444575592d2ec3672cff7f0681f68b4a9ef2998cce73b11b3b4278fd233cda,1751976011,86400,1207535289889546599,1207623744538811459,0.732522
22881592,0x318cae96fa1772f7061024438689a91c5c0859b6e3a665b6bc9d280bf48ed66a,1752062411,86400,1207623744538811459,1207712498592475936,0.734948
22888743,0xe5608274e599c59f61d134b67674d6fafc54aad3698fc29ccff779a5b5d11693,1752148811,86400,1207712498592475936,1207805461674523970,0.769745
22895900,0x690ef7e4a21c3f94a3b9599d17b4ca68e2af6374ef09515e64abd0cdfdbbb8d6,1752235211,86400,1207805461674523970,1207901244474859789,0.793032
22903048,0xd7d85e1ba23e3d6454bdf4fe1b732005a9ccb9084d7d2b8c55c512aed896a34b,1752321611,86400,1207901244474859789,1207990538073516443,0.739246
22910220,0xc13aff1c474774d8b094fdf7edc6ea0e408301fea417c092a1c65e25a2770a93,1752408011,86400,1207990538073516443,1208077109476053006,0.716656
22917377,0x563848ac86e49759c6d4fe8456b1b5df0d13674aa2334561d69409d95a2a5568,1752494411,86400,1208077109476053006,1208168039899248306,0.752687
22924544,0xf9bc712cb6dec36e398323a8e75689fa15aa04d991bbd7f1a1207e2ace1c1747,1752580811,86400,1208168039899248306,1208258465628105706,0.748453
22931715,0x20497c337bde8061f194e4c9321e97d0df94c178d37694049ff1941c3771bf48,1752667211,86400,1208258465628105706,1208351172000448378,0.767273
22938884,0x3c5772780dd880b6cb5b19aa686e203a0ead3d6eefe883824dbc4d7eda53b5df,1752753611,86400,1208351172000448378,1208446459379706384,0.788574
22946048,0x9e6758149bd1f130f54bc1dfa204edcf5c92f76306dfe500aaab56dad6a991d5,1752840011,86400,1208446459379706384,1208540446991960509,0.777756
22953208,0x3f5d834ced46700e2f70f0cdbaf07fcb1a1418520af62d87f3d0820c23b3ad10,1752926411,86400,1208540446991960509,1208628878956155567,0.731725
22960367,0x7b8e52e44cd91941579b452625da8412dddb655dec6275d7b71625c8b0ced88e,1753012811,86400,1208628878956155567,1208717485704138813,0.733118
22967530,0x1114b5e3a8eac59123fc7d5d91dc37dcbae63feee6c31530bfba109d31228fc4,1753099211,86400,1208717485704138813,1208810482173804457,0.769381
22974680,0x97202fb565393b6be26bbe5d48d355ebed3598b43bc92dc29216e964bdaf57ef,1753185611,86400,1208810482173804457,1208901872785173644,0.756038
22981829,0x486acbf49249053916274973e1728d17324801084790411f5ddf04ea8fc6d377,1753272011,86400,1208901872785173644,1208989647068932528,0.726066
22988978,0xe1b462f426ee9623422b41a9a200ee58abf0e0af6372987d18e7966e85f3bb34,1753358411,86400,1208989647068932528,1209082911378781806,0.771424
22996123,0xbc26a5733eed266f4498e5159ed0410fcabceb5a459140451d61f3842065cc6e,1753444811,86400,1209082911378781806,1209174542342395514,0.757855
23003284,0x9b88bb4bb0af7468556705e6d2bc3bcfff4afa28251bcf87e0828a921a7e19c8,1753531211,86400,1209174542342395514,1209262597351018199,0.728224
23010442,0x3a1f1087923024c88c9602bf1dd4f9ae13c767342f220d4a09846228e8615a1c,1753617611,86400,1209262597351018199,1209351397544642190,0.734333
23017607,0x8d9a095fd3374569c30cdcaf127ee12ed934d7a2fb14df8244152a064071caae,1753704011,86400,1209351397544642190,1209437564016835488,0.712502
23024759,0x789eb072d0a4b619e807bb0271a27e6b481ffd693c7f430512c5a804e94b2fbd,1753790411,86400,1209437564016835488,1209525799883594512,0.729561
23031903,0xe95f462af0df2c0529911c08e3d8ed2fd40e1b0a8c8bbdf723d18bf02ce7afe7,1753876811,86400,1209525799883594512,1209615803075157645,0.744120
23039047,0x383e50088285b2d0c441c2b78b706059e7358ef0258c677dd56e26eacbcea98b,1753963211,86400,1209615803075157645,1209704515727007410,0.733395
23046195,0x678ae382c26247c1963ca2a507e8106e22d25de749de35e8f9557f048c668e73,1754049611,86400,1209704515727007410,1209793550924708162,0.736008
23053338,0xc5fe859f3c8d6dd02ebb137417510a9decd151d05f976c4dfa7f09ce96f419ce,1754136011,86400,1209793550924708162,1209880733809519956,0.720643
23060500,0x715cfcd2ad5b4142f80b6580775387650c1462170a27b4c7d57b46107fc8bd94,1754222411,86400,1209880733809519956,1209973102957352573,0.763457
23067664,0x7eb8ec9fb33f40a2fe40aacb281c9a2d86fa0cd21bab8d4e2f1a8a1ccdec9f12,1754308811,86400,1209973102957352573,1210060639502791592,0.723459
23074827,0xdc2d6cec3cdd060a5599730a6dea19c8cb95fdc1f2b1eceef3b09f36ea8a97ea,1754395211,86400,1210060639502791592,1210148407573673014,0.725320
23081989,0x11514f0be124ac5ba16449cd4a6722e88c55879107ea53a379580b0cf8a136ad,1754481611,86400,1210148407573673014,1210236879945261079,0.731087
23089147,0x171de8836ebdaf43dede0edb0549395559aa57e7c246283fd15a6cc80260b20a,1754568011,86400,1210236879945261079,1210323837269118952,0.718515
23096307,0x85c398a6d55086b646415bda2a66a1aeb04fadf61a98accffc2cd92f7687ac03,1754654411,86400,1210323837269118952,1210411673606642026,0.725726
23103461,0x3e92807f063951a2cf280f9d3fcbedf49c7e4e88241a08fc40dfd9533fe8944e,1754740811,86400,1210411673606642026,1210500509514228564,0.733931
23110615,0x0e195c138f0487cb9c1cd9b3cfa10cafa2a6edecf7fc7ff0846966b01de1116b,1754827211,86400,1210500509514228564,1210587617722773233,0.719605
23117771,0x6e415788a1cfb67c6bffd2988f9bf3fed16e4bfd1fb6b8d6468405abe6364752,1754913611,86400,1210587617722773233,1210676115255898869,0.731030
23124927,0xb4dcd1c985a3bcf222c3612a39198e29adf251800f6d7161ffea974ff62d39d0,1755000011,86400,1210676115255898869,1210765583591736362,0.738995
23132092,0x35899ef1150ad7faea9648a6a40e928c85dd6f449fd74a86cb8d683974acc6ab,1755086411,86400,1210765583591736362,1210861795325639080,0.794636
23139248,0x8501f7c3ebb3a44d4fc379f38e11ef2ed7370a39fb1479cef4be51ecd12c9faf,1755172811,86400,1210861795325639080,1210953458074467474,0.757004
23146398,0x04bc06511d24c95d1d2baebcaf0a40e5283822d51d051a5ee86ece4669ffafce,1755259211,86400,1210953458074467474,1211055870531012792,0.845718
23153563,0x9dc7e326eb5243505f6f25e7174709aea05ffa8887e52e12fdfc0def13a08e8f,1755345611,86400,1211055870531012792,1211145535592957892,0.740387
23160743,0x9f38b8c4d45d452f33d292841cc1fb5e232beb303e797836cb449d1ad5b90c3a,1755432011,86400,1211145535592957892,1211233015655349588,0.722292
23167907,0x1f7b43e4425d9468e62292386134cb6cbb4915b1f393d3fd3ba2f151ef5272ac,1755518411,86400,1211233015655349588,1211321227200083535,0.728279
23175081,0xbb3a75e3982ed6ee231915da4635da4e6dae4d9075f5f936f5a43c49097ba930,1755604811,86400,1211321227200083535,1211409059559384294,0.725096
23182253,0xcb28c0a2b51e52c6d0fdc80b3acee1e4bd267780320cf9272f31cb3581afa930,1755691211,86400,1211409059559384294,1211495752729404694,0.715639
23189425,0x35ddd73154bc298ade9419043a235b7a034145ce307be7cb3c7ce290e468d3a9,1755777611,86400,1211495752729404694,1211583979039824178,0.728243
23196581,0x4bf21438e5e422e9eeab814d99917b667f1d456f8e4237eaccf63a90524596a1,1755864011,86400,1211583979039824178,1211675559556853043,0.755874
23203749,0x7dba3811362eae8e9bc774ca53d4040470cc72c7ba7063ea8ac2686e8c98d6f8,1755950411,86400,1211675559556853043,1211769830670263652,0.778023
23210913,0xf15cdef2d7209bd3f76260e977e44d878a2ee2568b10f1f407a6844a88fe8604,1756036811,86400,1211769830670263652,1211856055573804971,0.711562
23218088,0xaf232e76f5b7ea645d285e1ed131667adaa4da76a5aaa8ce9a732bf3e4592843,1756123211,86400,1211856055573804971,1211946549372286315,0.746737
23225267,0x315c668d05272c39eceb0d35707e2de38f89d53cffca4fa57ece09701cef53b5,1756209611,86400,1211946549372286315,1212039398681097990,0.766117
23232432,0x1dcd87197e23371be765018c208a5937da4d73d97f97d5d66261f17101a0177d,1756296011,86400,1212039398681097990,1212126286975516563,0.716877
23239582,0xddb0ac06e3a32f66e9d73ff8a741851a883e8c655ee9fcfad715004b95db5569,1756382411,86400,1212126286975516563,1212214510210638586,0.727839
23246749,0x32cd1a079fdfcec46ee7ff0b43e359c9a8b872cca206ffecb13ffa8c1bc79d36,1756468811,86400,1212214510210638586,1212301300949225702,0.715968
23253923,0xecc8f1ed6ce9026cbeba6e365837e87877f7aafa816cf9592186603b207c2935,1756555211,86400,1212301300949225702,1212388669091406121,0.720680
23261098,0xd2e8a6a75312e998ff6368562af4226c2a642870c6e0deb22dfbb378a8d4ee40,1756641611,86400,1212388669091406121,1212479490173007592,0.749109
23268254,0xebbfbbf14a6b51714c7ee29f4e788eb7c6394d834b1e253df34e82a084874c74,1756728011,86400,1212479490173007592,1212571890351136701,0.762076
23275396,0xa69f9799a6409a56d9098e04b33335c57953945583ad257492328469bdbf7506,1756814411,86400,1212571890351136701,1212664017342768018,0.759765
23282555,0x6227f02b3bde1f3f73db66e5d43c6d5e0b76bf586443d7ac9377eaa1f7bd278c,1756900811,86400,1212664017342768018,1212754310447264672,0.744585
23289724,0x6345d5d281094a6f02e507d33646312edb3517f9c43a5e9251faacfe45286d28,1756987211,86400,1212754310447264672,1212840467614178610,0.710426
23296889,0x33b5e9df82fcc246bcbb26b26d51c5046198ed8af4ef14feea5e80c02f89d4f6,1757073611,86400,1212840467614178610,1212930426810144341,0.741723
23304023,0xc6a84802fe6a3671111b20dd5d0286cfae923acfa8194e33b33fcc5efc4c7281,1757160011,86400,1212930426810144341,1213017326229661874,0.716442
23311187,0x34d4c185e2cee20eff967ada415ec82c19923178d4041237b13f2894a46c809f,1757246411,86400,1213017326229661874,1213102849584520294,0.705046
23318349,0x7328cfda71358d065fda901f5ea27d1132b63a8dd13ac1cc62ee6fd0041758ba,1757332811,86400,1213102849584520294,1213188416287913904,0.705354
23325509,0x4984a002a4f4aabe5d08948679339280084262c070c3ddb2e62a8f80b7d4e301,1757419211,86400,1213188416287913904,1213274845207191283,0.712411
23332654,0x84d0a2a32d90bde6fa9ed78f637b148e7f308bc545debb78a86afc8d8eda9296,1757505611,86400,1213274845207191283,1213365387138170296,0.746261
23339794,0x52af7e0169738d0e18935b8e543d0e53a2f0c85afeacfab5b78005c92f3a01e8,1757592011,86400,1213365387138170296,1213452886536817609,0.721130
23346956,0x5b4de31d9cc13a4ed2969f18043716fe6be5f2380d4604c0d48f84811923e485,1757678411,86400,1213452886536817609,1213540318890078223,0.720525
23354128,0x9fd1701f28fed6a4f8eed68ab106c668daf270deb0d500ad78670f51d9c0d9ba,1757764811,86400,1213540318890078223,1213628109754023633,0.723428
23361293,0x7f7c988ee13f668500c563a0fbf1619659f7002abaf7c19d76f6e6a429b239d8,1757851211,86400,1213628109754023633,1213714480150544129,0.711671
23368440,0x3ff9c7d85bd5ad511fd3f1e69a756202d86accbdab639e2f9d0a0a976bacf8b1,1757937611,86400,1213714480150544129,1213800672914855956,0.710157
23375594,0x33a94b6fb0a1cb55157069141a56863f33a981c7a2cdcea4fdde002db586bfb4,1758024011,86400,1213800672914855956,1213887065591841816,0.711753
23382772,0xbee55c1b62eea0d629410fcf2728c793d350a017a6bbe1aede49e62c6b82af2e,1758110411,86400,1213887065591841816,1213972889973202812,0.707021
23389931,0xa3517834d86c9ea0212c783223b88a4855a5f0e48c3f35dfcd572283cfb447d1,1758196811,86400,1213972889973202812,1214060820479714473,0.724320
23397095,0x3176fdc045c5ee4ea49ed020b370b51f62f1cc33f2d1ea1dd293fd43adc37f06,1758283211,86400,1214060820479714473,1214151565868485075,0.747453
23404252,0x846e5724739e6b9d1c4ea317597ded08fd1bc7d7839f725a9693d7f60063451c,1758369611,86400,1214151565868485075,1214239792017963429,0.726649
23411393,0xacdd04357c6d17cc7d9ba2b37e7c2b4193a0fa1d0f8c5793092d65138664d131,1758456011,86400,1214239792017963429,1214324183373686941,0.695014
23418549,0x6486bf4f0be77f0cb367ff3a6d313f354d9bc1b796da58f691fd7a8ee8e2a4b1,1758542411,86400,1214324183373686941,1214412136395609467,0.724296
23425705,0xf228f08ef4beeafd5d8e0b44a850bc1328f12120ff6bb8dda8829e6823a001fa,1758628811,86400,1214412136395609467,1214500824258589201,0.730295
23432849,0x279756fbd9752cd2f0b210d13cbbeaae88ade9e1cdbe284b0a7b90d8885ec499,1758715211,86400,1214500824258589201,1214588929684175758,0.725446
23440021,0xcc38360eecf44a9c9d5a0a818e6b0aaa110a31883fe91e3c10f61c84c56333f1,1758801611,86400,1214588929684175758,1214674150181462792,0.701641
23447158,0x3b69f042a20ed943a8c7bb5d8b5b7a925170c1a0bfbd00831a17fc12b9567870,1758888011,86400,1214674150181462792,1214761258649239831,0.717134
23455760,0xcbff8935f6b2b92d6f4352da12fffebf243d0acde6b9e1dcfe17670a44067706,1758974411,86400,1214761258649239831,1214853974363948302,0.763242
23461465,0x5bebf5d026bfecd3c8324aba663aef687f6c0e2dc006e4691fee245e4784c474,1759060811,86400,1214853974363948302,1214938748740786047,0.697815
23468624,0x034a9668158bb36adf8beabc5ba9ac4fc2550b84a1caf682bd4550543eaa12f5,1759147211,86400,1214938748740786047,1215023431241179326,0.697010
23475775,0xdeaff9a871918a47116dba9f683099cba89bcf9f16f36b10dbffc1b33f167ca0,1759233611,86400,1215023431241179326,1215109858893216176,0.711325
23482927,0x3c1efbf043b3f1290a37214d1bc6c55d6a80938863a9bcba39daff7578893b7b,1759320011,86400,1215109858893216176,1215194996881528967,0.700661
23490073,0x567050fdbb72066c8ba39fa645cc7dbd49962ff49b58d3f4f6e74f7b3f36586e,1759406411,86400,1215194996881528967,1215280674171829580,0.705050
23497226,0x1b95cced5ae97b134bf4d4b5e0c606dd3fdec4317af99b1418d37a2045a53c9b,1759492811,86400,1215280674171829580,1215366196579165811,0.703726
23504385,0x78eccf3c653059b4eec59ecc92dca19d746d02bc923712f91f4d30bcab42d929,1759579211,86400,1215366196579165811,1215452115752566067,0.706941
23511543,0xbabfe5da8ba6389d4388587b75ef8cfd360c0a6fb4fce19329f57057bccc48a5,1759665611,86400,1215452115752566067,1215537395126085478,0.701627
23518706,0xc4b01c04c73847f4c1c14a635daa5421f28696e9c4659a182c23127bfb400dc1,1759752011,86400,1215537395126085478,1215622312207690269,0.698597
23525859,0x6c06ec4967ef5d7434a51d0db9d9ae669098eeb5db07ffb5773cb1476c9efded,1759838411,86400,1215622312207690269,1215727283480584508,0.863519
23533003,0xaac319db13bb30b14525fd0520700d71bccd0baf10381ff38bf67f6c04ed5b2b,1759924811,86400,1215727283480584508,1215814292961441940,0.715699
23540147,0xab0df185bc2be4d5cd38b9a4fbee2b377df9e43f0aba055f21714bf674f08114,1760011211,86400,1215814292961441940,1215900906334402070,0.712390
23547301,0x076db67c664b4db068dea1093629a6aa7ed57fbe0d1ed078ffe2382d1dbe7788,1760097611,86400,1215900906334402070,1215988905330978494,0.723735
23554461,0x317c67ce48dbd1bc640f3025dd3114caedc914cdfc597d5a9f84a932a6243d89,1760184011,86400,1215988905330978494,1216223659889803836,1.930565
23561613,0x98d172dd2b84a8d467cd89de3d588959ef811a206c372112ef0d9e90e7f21124,1760270411,86400,1216223659889803836,1216311039757112730,0.718452
23568760,0x62c6c11a516a8c83811d7fc7318d058df3cfbe73d903094e8ba9d6bd7500db5e,1760356811,86400,1216311039757112730,1216400079420245518,0.732047
23575913,0xe5f3180f774083eed786e727fd9570e9d107452edaad395725e583664485b375,1760443211,86400,1216400079420245518,1216488574330035508,0.727515
23583066,0x33e077fe895fb26f50aed2d46f7fd82af43795f130a6b8fa9d47f8c2927f2d10,1760529611,86400,1216488574330035508,1216576257280370520,0.720787
23590206,0xb4a15aabe1c139f03f6b98470870f93f469eb451a9a45f1fc4a1b58c5a4fb55c,1760616011,86400,1216576257280370520,1216662718755648007,0.710695
23597356,0x32ef4814305d2b8b77516a6d2fd14202c32afe30b2ec1f8f935e26a4445a1ac1,1760702411,86400,1216662718755648007,1216751804483925921,0.732214
23604503,0xdef44c9aa66024d0682a2aec0ed3465f2340f3b39eecb2b5fb2d0f0cf59dd21a,1760788811,86400,1216751804483925921,1216838245796517554,0.710427
23611654,0x4d63abc443a2a506a15ee0d464bb48e75d6177a70843c8107f794a6f3b4fcabe,1760875211,86400,1216838245796517554,1216923960812358686,0.704408
23618788,0xc208c07461df0f68b3189aa11567acf1a4842ec9f2b99eac3b51ff70245b9b8b,1760961611,86400,1216923960812358686,1217009616359934518,0.703869
23625907,0xbc8156cbdb6076b8283b31ff14715e1e878d4338ab23347e0cff44f391eabe33,1761048011,86400,1217009616359934518,1217095951766842836,0.709406
23633036,0xba7a58e869a3b664e84f9130459750682415c7d8242a303fa912685ab1f1a550,1761134411,86400,1217095951766842836,1217184306206230394,0.725945
23640169,0x88044a835cd918a6661fbc75ff7ba74cabf191a224cc9cecc40b936843daad5c,1761220811,86400,1217184306206230394,1217269479022567887,0.699753
23647295,0xff4c9df6ee1dc3eb642b9c3f5408513549e04576627845c0c420f94bb6f7fa92,1761307211,86400,1217269479022567887,1217354110327241610,0.695255
23654442,0x634e1ac45ed98c74bdafa2d23a87de3d1a7d71009ba67a47643617d3d33f0b80,1761393611,86400,1217354110327241610,1217438914354260996,0.696626
23661608,0x8f8d0d47e71cbb2692e1933da093bbb513594b91bd10d5ec5b4f6f6cb11fad0d,1761480011,86400,1217438914354260996,1217522629413373342,0.687633
23668750,0xa5518e14ab7e54054563ee556f423713e1692be7fdf94c76e9b283abf264d761,1761566411,86400,1217522629413373342,1217608678668834935,0.706757
23675891,0x629a084b73882ef05d7f81013a33597279562432bfcda4ef80dafb71ad81e92e,1761652811,86400,1217608678668834935,1217693012147476564,0.692616
23683025,0x4057fc66dc28791d210a1368646052ebee63a32a3fbf5a4d882cb2046bcbc62a,1761739211,86400,1217693012147476564,1217777328339415332,0.692426
23690170,0xcc355c59f86df39630e42d26395d044b2cc855895e1417986afa0c3b678d2f3c,1761825611,86400,1217777328339415332,1217863015764297724,0.703638
23697302,0x97b5192d15359a1a20df0450f8f8245263650155f108c471c751e6eef4b13d2b,1761912011,86400,1217863015764297724,1217948665981282734,0.703283
23704449,0x6b9962fb9117554b60f6cbc43d57b715d2f79a89c0d1168ca4195a714d180013,1761998411,86400,1217948665981282734,1218033172264620715,0.693841
23711612,0x437bd10ae7d387cf9a3faf6e3cf44a0897e3318c25370e6e65fc32ae0fa9e3df,1762084811,86400,1218033172264620715,1218116415279760760,0.683422
23718769,0xbcbcf2f52d825db02f8b28e32f15b6eec7a98493528c484cf245126e04a68e6b,1762171211,86400,1218116415279760760,1218209487333800156,0.764065
23725935,0x58a76cd471d4073adfb848fcb8c0567bb66e820bbb1c3501f2a92b4c383b3438,1762257611,86400,1218209487333800156,1218298582383740531,0.731361
23733075,0x1f38131cd9c8fde0a0da31c1f8f181b9d3a6c28b63ce5714210f9799d5cc91e9,1762344011,86400,1218298582383740531,1218397621551291100,0.812930
23740210,0xf30511f9c4fdffbea3f1d0909b9d32de013e5647dcba4f28566cce6a0535da39,1762430411,86400,1218397621551291100,1218483113901994312,0.701679
23747363,0xd5b3044ee33f2d7070228a62b455186d1deaf445536e64f3046ca2a325224566,1762516811,86400,1218483113901994312,1218571557887686161,0.725853
23754509,0x09cd0b253e668cabc60faae1747cb00b4488515295d039c312b49b7b3db57fca,1762603211,86400,1218571557887686161,1218658256340452034,0.711476
23761669,0xf4ac1c8da6305b2e9343a0cbeffc7a88ab270c039fe6e6fd9f1b1e2cf5db5f36,1762689611,86400,1218658256340452034,1218741946734573919,0.686742
23768831,0xbfefffbc1c568f5123ff95d69a553a69df9b639ffdd15f48c95b4dbc14613612,1762776011,86400,1218741946734573919,1218828057399501522,0.706554
23775961,0xd934cc2668efb5617cce6d2c776402e1410040ecf4c0a78b9b3d25687da95fe7,1762862411,86400,1218828057399501522,1218915648322592385,0.718649
23783118,0xf99cba8140ace6567d2c440553a867e0a9bfdbbbb9d304c304da25c982eab9ff,1762948811,86400,1218915648322592385,1219000341338861496,0.694823
23790262,0x80922c9910ed93ba7d0fe5e38d4be4022b1d4f10c2bfd04830078c43f616a54c,1763035211,86400,1219000341338861496,1219085468646880270,0.698337
23797400,0x714e2f1d67e91f4237605142216b3c7c5f5fd095eec941e06b88611f5d703dcf,1763121611,86400,1219085468646880270,1219177796460331146,0.757353
23804561,0xfff7ef4ac0aa8fd927157c89a41a2e192e36ba66092bbaa2c4d28510a022ea33,1763208011,86400,1219177796460331146,1219265199925909132,0.716905
23811723,0x3dcac05f55ab3387b6ba3a09296d3a9762bd0923a1481ea534453bc3c8f7ef32,1763294411,86400,1219265199925909132,1219350186026848823,0.697027
23818863,0x30f33d35f3b7e08abde88d0a6641e336d9a8b045a30ad91d1ea56b353f8c48e6,1763380811,86400,1219350186026848823,1219438914613852125,0.727671
23825980,0x81a3c1a95de78b604e66376c421b9e13c304b50007f0bf0b53087028703889ea,1763467211,86400,1219438914613852125,1219531352631303085,0.758037
23833095,0x269ff2ea106bb4b5f7667e41f383011ce6fe46db2a5bc6d3e3d301eed99881be,1763553611,86400,1219531352631303085,1219618112191127339,0.711417
23840220,0x1211df5ef49eae769b0f4cba2b397469bb3531c8a2e6b5b144c63539ff58476c,1763640011,86400,1219618112191127339,1219717909667298603,0.818268
23847364,0x1e2ddb8bbca276dcaad66c84d83d43cb45244d910752f7e7e5ac0970023c3ae1,1763726411,86400,1219717909667298603,1219834749297471216,0.957923
23854463,0x6883cf3b80abb8ed146d903a5c46acb8a53373679c8794787ce5fe92a0fe1630,1763812811,86400,1219834749297471216,1219924838088915573,0.738533
23861558,0x04685919ff0c61a50c1600af0afc04ff56bbe6215a803a620413c490f4a441cb,1763899211,86400,1219924838088915573,1220009822959947350,0.696640
23868688,0x6328458624c41725cf765be7833d72bdc3b9bc252ddfc09204706125baf6bf05,1763985611,86400,1220009822959947350,1220094844841797106,0.696895
23875789,0x3608be88d8b901d97cd7d435c8a68e3615ba7a5f0079d0943a1b3af6b9c02e1e,1764072011,86400,1220094844841797106,1220180222835910289,0.699765
23882886,0xd0074f5c4a53be8b54ef0c99d6a945a2d4375e6c79bc30e198e5dcb202f8eaa3,1764158411,86400,1220180222835910289,1220265612438646320,0.699811
23890027,0xad0f50c3659ec62762009f8fd7a4032913b9b478cc0de14b0aa8fbab3172f9a4,1764244811,86400,1220265612438646320,1220354133898630266,0.725428
23897146,0x0ea3640c1d07b27aab2f41af0795c94de56a03e7c2aa5c50e0ac91e468058453,1764331211,86400,1220354133898630266,1220440216030487243,0.705386
23904290,0x6c8ba7ff7724c032617fba1e79d82229181d5c909bbce09b2fca78e236907ad3,1764417611,86400,1220440216030487243,1220526000501098345,0.702898
23911447,0xd3e86dbf9f2f4e9f795fbfc0e2f92f8cb54996e024f46c419aa6bb9844e4636f,1764504011,86400,1220526000501098345,1220610597524900457,0.693119
23918599,0x7333d489f487093fa917a989afa6cd19b1f6469ec3feab07c9630f786d081344,1764590411,86400,1220610597524900457,1220698441666825622,0.719674
23925750,0x13058f3b02b1087deaa0930bf95a0dd481a84dd75ae47b12e0e26a53effb563b,1764676811,86400,1220698441666825622,1220785790993172235,0.715568
23932889,0x9109d5574f0a8b709dc22f730ceabe669e14d23840928a17956d9989c61bbcfd,1764763211,86400,1220785790993172235,1220874507519708970,0.726717
23939667,0x26cc6200e91575673d5072b396517e1861a0caff58cd6f990554f98f420bed26,1764849611,86400,1220874507519708970,1220953532628079630,0.647283
23946717,0x39f8edc41c5554f14329d3387e52096a29ec62f4c173252b0a4c116fc96e7205,1764936011,86400,1220953532628079630,1221038674239249264,0.697337
23953807,0x19f71dbea4c7cfa3f1c6c4e02d6c02c692cb4edf18b313febf4ff25b6411a2e8,1765022411,86400,1221038674239249264,1221122928957343031,0.690025
23960925,0xe63a6d36a7ac59e2c73054eb19619bcf52166d2263d779155e904bfa701a234a,1765108811,86400,1221122928957343031,1221207180317361027,0.689950
23968059,0x876a50d50a2d8dda436d86e882ee8f68fffa6d5d335af79acee307ada0eade33,1765195211,86400,1221207180317361027,1221293240809821939,0.704717
23975190,0xc89891c3b6aa54839dd6a42b72d91cc7431b096cc71469027285dfcc5d230533,1765281611,86400,1221293240809821939,1221377839017954315,0.692694
23982279,0x539f833ef0f741498f8baccb16b77bc46ccc06329f7fe23750b5c2616f444802,1765368011,86400,1221377839017954315,1221463407554778469,0.700590
23989407,0x2656b06ad3d78b82d8f53d97ffbe49b1b2f2a9a4439b5e3eccaa0375e84989f3,1765454411,86400,1221463407554778469,1221548290239518995,0.694926
23996514,0x28acb02c39c4fde4c6aac3c19790baa976e13d51e49384694046eff6dbfa1d25,1765540811,86400,1221548290239518995,1221632754600823924,0.691453
24003662,0x08f88c4ee0f13d5230bb79ad48393c1db6f0154424e29c48599e7da3683997db,1765627211,86400,1221632754600823924,1221717543095387160,0.694059
24010817,0xd760cb3621ae8eacbaaa10c1847030e71d2784b79e7977904685121853dd320f,1765713611,86400,1221717543095387160,1221801154688870518,0.684377
24017970,0xbe6532e8d2e18d7a55c8bf1f0f09b786b73dfc894b29d6b5bc8b9b682f877018,1765800011,86400,1221801154688870518,1221885002310440619,0.686262
24025139,0x49b5f549764b38d65843d2beb0aef428120b1fac408baab0ea596145766aea0a,1765886411,86400,1221885002310440619,1221971064805860745,0.704342
24032304,0xd00c654ef8731a214143c212bd39bb25ee0f31c5da38e295b8b70253b1e25f12,1765972811,86400,1221971064805860745,1222056061435802936,0.695570
24039457,0x242914ffea55633e41be438ec2294b89c5915755247d26f10f9eb3269c019149,1766059211,86400,1222056061435802936,1222142039002637219,0.703548
24046616,0xa4f0d8826710dc14fc0d619d6998e9d0f1d2a672631ae8695d20a235c5ae30b4,1766145611,86400,1222142039002637219,1222235217741455141,0.762422
24053800,0x026cb71e5cfa2b279e72f2422efe86eaa5fa445fc392061ac547795872b8a26c,1766232011,86400,1222235217741455141,1222320990065744833,0.701766
24061250,0x0349ad5d54af749cf8ee412f1880814a5f5c1e8de4a9658dd5dd06ab156770c7,1766318411,86400,1222320990065744833,1222405647781037313,0.692598
24068125,0x116056c24d65a4b46fb77108c7af0e38509f834a2ce28661e81fd18548290075,1766404811,86400,1222405647781037313,1222491013327619390,0.698341
24075283,0xc0fb9c26708d55ff2355abaa5dc1db27c572804eb30752a213dc43c80bb691bf,1766491211,86400,1222491013327619390,1222576704850673194,0.700958
24082447,0xe8b70bb2dc5c7f0c4cf5a3b10a5c507d4bd569b5006c63932381813d0fa3da74,1766577611,86400,1222576704850673194,1222661754420935029,0.695658
24089645,0xc79165e96f1d3267ef86f0c3d0156a2d060167f76c2549072b670eea9d16cc72,1766664011,86400,1222661754420935029,1222747200728072102,0.698855
24096812,0x2bdaacc8b7ad21d2dd75d067982c003689fbb0743b7b31e9618079088d44cf4f,1766750411,86400,1222747200728072102,1222832790618534998,0.699980
24103973,0x14e2cb8e5fe25223d698c90b24f26c189ab36883398c96af2af8b5340c4ff771,1766836811,86400,1222832790618534998,1222917533715927869,0.693006
24111133,0xa143cc9920dcb9d3667f39245bae57fc4cb80beaf146110e48578f0f55947496,1766923211,86400,1222917533715927869,1223002297285768703,0.693126
24118328,0xb1168ee90b001b3e04e76618a085c9dbb7eddb1415f462c839c6728110a4b86f,1767009611,86400,1223002297285768703,1223087521281311599,0.696842
24125456,0x3f37a485b9011f639f56577063b5bdb60046ebcbccfd290e88485c1d56a446b2,1767096011,86400,1223087521281311599,1223172744594300520,0.696788
24132616,0xf7f80f8b3b3390283048dc6618651bdd6a281983c8db2dcdceeb43e1d02d174e,1767182411,86400,1223172744594300520,1223258890410779323,0.704282
24139778,0xce9729671f91ec799317cb70a3168b687d0891d0130f505f9efae2a8f8464938,1767268811,86400,1223258890410779323,1223344128591587928,0.696812
24146929,0xd180092f3c202ba2445c2a0cea39f17f88a71139402c2b8cfd213c266f32c881,1767355211,86400,1223344128591587928,1223429528852531406,0.698089
24154094,0x6505d8a3a5d1017785dc4ca8576808abe4f988a50272e373cefb9aae873a24e5,1767441611,86400,1223429528852531406,1223514911766863900,0.697898
24161266,0xa994773053130e8230c801ef711a6b9ba060e2de3c78c3db5fdba09948a6c36e,1767528011,86400,1223514911766863900,1223598789436800758,0.685547
24168429,0x51e0bc27ea1d9e1b8cd2d75ceb7a442e4865786dc21448b361639bc898c200bd,1767614411,86400,1223598789436800758,1223682862755529629,0.687099
24175603,0x724d8314a922d1a892b7ac51648ce9c01b76b2e579e86dfd272f58056b0c2046,1767700811,86400,1223682862755529629,1223767905094668534,0.694970
24182771,0x637bac6ff9e9c85ee3e6830c9e1c7099d9ce92eef732404b35b61da1a6f5507c,1767787211,86400,1223767905094668534,1223853021025216802,0.695523
24189935,0x77d0b095697eccc3be207e8dd4927e968fa93aeac25596fc533099bac30f265c,1767873611,86400,1223853021025216802,1223937219828479948,0.687981
24197100,0x4d276520e927f7a181b79365d7ab2f545ee070aaa7072da17beb7d5f2833f4df,1767960011,86400,1223937219828479948,1224021408043593648,0.687847
24204267,0xd1049129a3515d16f99ec28f08b461dc2ff1f89d58ea74a63cf139c585e6bbd0,1768046411,86400,1224021408043593648,1224105237739942626,0.684871
24211444,0x90058f3299c5e21846c89616b1757592c0c2cb0fddcefd52f94bcc397266dfe5,1768132811,86400,1224105237739942626,1224187764591825763,0.674181
24218603,0x5b939229ef2694acba30e8b522ebf0d90c7b4f61b5b6460c41eb1731429f401b,1768219211,86400,1224187764591825763,1224270292181775606,0.674142
24225764,0x8a0da1703750935a5aacadc227b6005ff8431fa1d9e02aa946f4bd407dcbd26d,1768305611,86400,1224270292181775606,1224353203241445119,0.677228
24232910,0xeda61df81a3016a72e48a6b69c3915c5dc19701b96ad723ee46b637532985d6a,1768392011,86400,1224353203241445119,1224436610013179626,0.681231
24240099,0x928651654b32cb7488bf39d5444d919bd2c66c4bdf524c98ca1b6fe8cdce70e4,1768478411,86400,1224436610013179626,1224519431037789014,0.676401
24247258,0x7930795a4379ba9f2dcaa4e55a309219b5584b0bf92cb3389d4ac77534e0df19,1768564811,86400,1224519431037789014,1224601759279932479,0.672331
24254444,0x490eb24bfc744997bca5f5bc5baa935d7b3ea11e187aadd2f25359a610cbacf9,1768651211,86400,1224601759279932479,1224683910558821997,0.670841
24261623,0x2360e5453cbed97860f44fed34459137293c9cd556bd98c4de4b206173a5793b,1768737611,86400,1224683910558821997,1224765524214769828,0.666406
24268789,0x0eac65758fd699b1407763fd91e3e7db7b9c43687a6ea53f3f529fed449319a6,1768824011,86400,1224765524214769828,1224848405567298015,0.676712
24275961,0xe4b1f149fd60a4556131549b11ee7d26eb3c77a2c566de2d89159fcb464f0a57,1768910411,86400,1224848405567298015,1224929802105447263,0.664544
24283145,0xce782243690312b12341c022f266b2c177ed368ae46c010f14600f02a6fefc69,1768996811,86400,1224929802105447263,1225011299668532903,0.665324
24290286,0x3b87af78404dcf06f851c10a3b563bbc06c43479a9f21e55c558722084f3dfff,1769083211,86400,1225011299668532903,1225091827115879092,0.657361
24297454,0xfa44376f1c9723aa9a78dc6186c13bef178d4708a522c3abd0258d8320047d91,1769169611,86400,1225091827115879092,1225170915426962252,0.645570
24304631,0xd0a0a75362129f92169ca9529b6a66ff012534cccda3525660fb5be4baa580b1,1769256011,86400,1225170915426962252,1225249002909753886,0.637360
24311794,0xfda5ce185311e48ab1addee193e68cda7effea990a26792ea8f0ae85b867abb3,1769342411,86400,1225249002909753886,1225327638010624867,0.641789
24318985,0x1620f2b31ab3ec3db2c168a92761636dcbcb2d8a748872159ff65ba285689da7,1769428811,86400,1225327638010624867,1225407684471263067,0.653266
24326144,0xe03e129a4c2fd352643450f0ca4da1a0456283a76c7a479c73cca50f1f4c9b9d,1769515211,86400,1225407684471263067,1225486617410674078,0.644136
24333294,0xd293952d2a280c55e7dc986fa24d546d807434094ac486fc50b874faf37f336b,1769601611,86400,1225486617410674078,1225564235541657797,0.633366
24340476,0xcbce7dd16eb45b801c04ef17e7c7ed72c804bc1fdeaf80cab75cac0f9f04ff6c,1769688011,86400,1225564235541657797,1225641406746324709,0.629679
24347653,0xb5d0034db1e4c89be550ddbce1ad5f875aebc082d36508a95564269f0f40c347,1769774411,86400,1225641406746324709,1225723011952990163,0.665816
24354825,0x2f5c12ae181e1ce3b789a113ce8ec8afabba17628d56e0d44dff3a6892c2d478,1769860811,86400,1225723011952990163,1225803090729341209,0.653319
24362004,0x4fd07057b2eb52bc2877c0fd2c654f463843f75b0cc79fb5c03e10f4ec616cc7,1769947211,86400,1225803090729341209,1225924500588614505,0.990452
24369155,0x3a2b9f3c05c171ee5373b5ac81f731b2136408dfb68a4896798b7fc550c694ef,1770033611,86400,1225924500588614505,1226010751677615969,0.703560
24376298,0x4a4d6e4fbf32b2d99fdd2dbe87a50c737c43bbd424c321e4892b1da6f413c631,1770120011,86400,1226010751677615969,1226089013749354661,0.638347
24383469,0xb2f404e5c2be50dbb38d652ead42d79f76a71dbd1987a60ac4967e5b9c51a24d,1770206411,86400,1226089013749354661,1226171398529040535,0.671931
24390617,0x35d29fb036c020ceafcc38cf01fc429de67bfc1da97994d075903747020db3e1,1770292811,86400,1226171398529040535,1226257846782510499,0.705026
24397761,0xb8f5c9abea2760cd843cd807834482591b6e0b53aa2bcab97ad3816dacf14964,1770379211,86400,1226257846782510499,1226388073994156390,1.061989
24404923,0xf699a1b1ce48502186f0906f6e07b897da858ae18c52e4032e708b8f3c7498fe,1770465611,86400,1226388073994156390,1226470562881593452,0.672617
24412045,0x41d12dab81873a33d30d0592d2a6da549972dbd1b82fb8a075c3fd84c8c78318,1770552011,86400,1226470562881593452,1226553268139763342,0.674335
24419180,0x932b65b4829608ea86db1c472e77b016ff1676f22f0ad5e933253bc703e0f60c,1770638411,86400,1226553268139763342,1226631404001908485,0.637036
24426344,0xe235967f8e11420022ffa6216ec0265df28baba97e0465226d995671a8b322d7,1770724811,86400,1226631404001908485,1226709025305043763,0.632801
24433502,0x93fc570b692799de5d1e417f83dfe6cf28b227a639db544d5033e31737177346,1770811211,86400,1226709025305043763,1226787993560486659,0.643741
24440668,0x4223bb176b65de92edc6e2df9622142486e8d02a66ce1bf5b8498056b2c46282,1770897611,86400,1226787993560486659,1226867924542751268,0.651547
24447849,0x849f9625d852670816fc7c8226c893362a8a117ded385fa1bafe350e1b91629e,1770984011,86400,1226867924542751268,1226946083334581052,0.637060
24455004,0x7c230f373b1a27cdc8f95509ebe455be2f1782eefcefbc58530cebf1f1f7ba2b,1771070411,86400,1226946083334581052,1227025242690420103,0.645174
24462161,0x196fc838324a3c2b90adb55f5bebef4e95ef223b78d0a3ad8a5e40b94fa940be,1771156811,86400,1227025242690420103,1227101960473294286,0.625234
24469340,0x60194c4d936eea47cc572e1f8b15962b73517c080e47076a1a99cdcde9e07e93,1771243211,86400,1227101960473294286,1227182231483433137,0.654151
24476513,0x4f9ba2bc897eadea99f5f5c8d918551f84a22de7f64e15734d2550c681c0394f,1771329611,86400,1227182231483433137,1227259738293014024,0.631584
24483688,0xc3d6a4fd5079ab49de3b7b69b8a4f0b0262aee42f729a222bd752eff35644b7c,1771416011,86400,1227259738293014024,1227337571062728911,0.634200
24490863,0xffbd274e2ba63867f9ec87e606bf2945c396c53f4fba62ee917c217c4876a84a,1771502411,86400,1227337571062728911,1227415524074482393,0.635139
24498033,0x07ea05cbb56c1cbee24351d18cf5283619e9a7a35f99f65cb37c3b66e0a2369e,1771588811,86400,1227415524074482393,1227494135650344156,0.640464
24505208,0x48452e910fa09cb37dee723355ecb7a7031c314966481371f5051f1ef22ef62b,1771675211,86400,1227494135650344156,1227571656757399229,0.631540
24512378,0x2bd555307a899b4c62c4ac2c80812190f4c88907f67be19a31ae9507cc0a7485,1771761611,86400,1227571656757399229,1227649040729365356,0.630383
24519563,0x666d2e0b04bd0aa3498b109614b2d723ee4ef78f39f339f2907995974502154b,1771848011,86400,1227649040729365356,1227727025684916298,0.635238
24526724,0xd435a4d390e0bdc34f723d953e488aa11b1d647f628162f7b24010ad298f4d40,1771934411,86400,1227727025684916298,1227806599425975744,0.648139
24533899,0x23ecac3ed2834936d10acdd89bfbf5de450d08482c547934086a365bce8fa21f,1772020811,86400,1227806599425975744,1227885084025977957,0.639226
24541060,0x9e366f96f0ad1477b6defa3f36d24d5ecfaf43c00f5236706cf9d87da1d22955,1772107211,86400,1227885084025977957,1227965566146079453,0.655453
24548231,0x61bd57b591869848d695d55d79cc2e3f648c87c54079323e53e25109fbb6d373,1772193611,86400,1227965566146079453,1228043772405120098,0.636877
24555407,0xcab02cc6d7fcdc58bbe87abf8aaf1ac7a0a826d1e7b9c0511edba3771a2b5558,1772280011,86400,1228043772405120098,1228123223457618916,0.646972
24562561,0x6890d02944f8be969d28a6b3780a815dc8711c4cbbebaeb7d9d68732ca078d18,1772366411,86400,1228123223457618916,1228202475072816425,0.645307
24569736,0x9a8b656955c67462ae89ceea40f35ebd844011148907607e53b1c3c954ba95a8,1772452811,86400,1228202475072816425,1228282498700325540,0.651551
24576900,0x21e2939dd0395a676ce1d426c6ef8b72acc3cfa270a4ad1d2ff1e2cc4f7a7fee,1772539211,86400,1228282498700325540,1228366625077394495,0.684911
24584070,0x953f277cdd45893f5445ae253eb32df4dbbcec36b3e16d63022ae969e0531462,1772625611,86400,1228366625077394495,1228451344976762689,0.689696
24591237,0x7cf81f8ccf67f7f0b3bc08fe403ea9024220eab722ef4405f80a4f68275dcddc,1772712011,86400,1228451344976762689,1228533376527798730,0.667764
24598384,0xc602cb07bbd4d01718eba8f34c033760ad1634cc04f3434a2c5e0eec84307a81,1772798411,86400,1228533376527798730,1228612113286438545,0.640900
24605538,0x799173eb73c324ff6da70167a5315a6eb6ebbfe9780f6efb9a555d49db97c2f3,1772884811,86400,1228612113286438545,1228690567249957079,0.638558
24612709,0x4cfb06f6681018c702bf22bea6c0c77a44cad6db2afb6b714c818c3adbcce6c9,1772971211,86400,1228690567249957079,1228769219330702077,0.640129
24619885,0x0168150861d6cef3af9385e14893511dfd3ea4dc1b0930cf6a9f7adc01de9cd6,1773057611,86400,1228769219330702077,1228848994065905999,0.649225
24627045,0xac522eea9d33b494c17cd1cacf2155aced15f2c59c4652334d68732efe5b28a3,1773144011,86400,1228848994065905999,1228929215162349007,0.652815
24634202,0x9eb8d14961cc7ee08eec95f17073da85ef74b6ed2112dbf54e46b1d559aa864f,1773230411,86400,1228929215162349007,1229010990519928780,0.665420
24641356,0x22f1d9504a25506a91713d4b3c91cad0ca5b6c90563bbb73d2760fe0f2724f86,1773316811,86400,1229010990519928780,1229093934707827778,0.674886
24648519,0x0d9fbdbd243698902ddccc1d0b3277e8c2d662026dade35ad89a61c3f767d5f9,1773403211,86400,1229093934707827778,1229247679861379355,1.250882
24655680,0xe9f60665465f78af74eefdec94d9b929f2b156d9e8eb4d12eb740ff3b42c5cb3,1773489611,86400,1229247679861379355,1229328872715481851,0.660508
24662848,0xed01cf15bddd4c3b4e2f1c87a036e18aa92c1fc989343bc8e912f4f3a532075f,1773576011,86400,1229328872715481851,1229408741970386691,0.649698
24670020,0x11841e75f63b9b9fea11e2ade579dd6fa0f7f2276f1915c38d72ecaa0e7e2efb,1773662411,86400,1229408741970386691,1229493323045238517,0.687982
24677188,0x984724240834ebbf5900367dba8186b54b34a9d4c0892658f9e861914826f8dc,1773748811,86400,1229493323045238517,1229574395100108734,0.659394
24684338,0x9adb89b5c01c73b0035cb93b5ffbd8861a70df83814984949287773ab414dd4b,1773835211,86400,1229574395100108734,1229654767803543320,0.653663
24691504,0xbdde648850f324d5ac3894642e5cea1446723c97a53f8d267f99e6cc4472062d,1773921611,86400,1229654767803543320,1229737482468124653,0.672666
24698680,0xc2664bbf2a7699ab469f216a0cada56f2351d48f94545663bab79d0a958247f0,1774008011,86400,1229737482468124653,1229819879571827865,0.670038
24705850,0xaf1ae7e9769355b537e4674cb38d4ac394f0481cd904ade72ad54e76121b28f2,1774094411,86400,1229819879571827865,1229900097456171436,0.652273
24713026,0x15f35e23159041dd0b7597d8ce215526a2fd7c8ad215ce8035a4326785edb292,1774180811,86400,1229900097456171436,1229998725138515918,0.801916
24720188,0x6cdceda87b45158d60196e0f41d218ce7dcff27f5a690e299b5be5e4b472e207,1774267211,86400,1229998725138515918,1230082909193581274,0.684424
24727368,0xf9cd1ba0a800d2969b70e14a56ea2a9f8818ce9ca7b2368ff5075f86244bd140,1774353611,86400,1230082909193581274,1230165197635558265,0.668967
24734547,0x62b3ab13f44ffbb5730f28eb8cd396624b68f73d7a6cd59815e6145bda2244ea,1774440011,86400,1230165197635558265,1230246888664809206,0.664066
24741701,0x465b5bfe6127baefe40fb33436d1c73a7a0e5580be48e9417fce9749d962a9cd,1774526411,86400,1230246888664809206,1230329608537415852,0.672384
24748872,0xb8b67fedaaf892c3de59498fa2e52929d3e6dad126d8ed2b2e4c72da65cd4b91,1774612811,86400,1230329608537415852,1230412546823109801,0.674114
24756040,0x1f72b2c40934cb9497db903820875cc85e521ac949312ee6fdd300e9acbda342,1774699211,86400,1230412546823109801,1230493632075467706,0.659009
24763216,0x0a86fb9953d43de4a9da9417206291cded0a7ec72ea65b4884b950c82a3e8ea3,1774785611,86400,1230493632075467706,1230573972346759135,0.652911
24770385,0x9b32dd5016b8cb4c5a8992ab8f28f2b67d2de8cb4a9df1b154cb7dd7860fdcff,1774872011,86400,1230573972346759135,1230655190616663641,0.660003
24777563,0x9d16010927022ce0e38d4c4411d3fc9e3930453b74d0796434037455359ee010,1774958411,86400,1230655190616663641,1230736776145161729,0.662944
24784715,0x227dc2092f3688b700e613ca5a1e9f4b684c2309045d4d6608975aff4991964e,1775044811,86400,1230736776145161729,1230818808400083853,0.666530
24791893,0x6babe9f968aaaf68736d251784e42a406fb0876f223b1c40fc818c9fd5e436fa,1775131211,86400,1230818808400083853,1230903791937367768,0.690463
24799072,0x0f37efa63ff9b0a42c1b17d8ef9ee2b71bbdcee4d36e683fb544d53b52ef6742,1775217611,86400,1230903791937367768,1230985084977133378,0.660434
24806251,0x2e57150348cd3f56bd3ed77d3a4fd62b60ac334b0f8864af59afdabb9fbc1913,1775304011,86400,1230985084977133378,1231064871120420751,0.648149
24813433,0x05ac2813eabfe27586b5beef1aa84b4ce85f3ef00a78d6011cf9ac2caac7ba30,1775390411,86400,1231064871120420751,1231144626847694344,0.647860
24820602,0xac74029da012d1e59f232f168f8dfcb957a40d34f82ccff33906f3fc57d5f947,1775476811,86400,1231144626847694344,1231224984164103452,0.652704
24827780,0x7003990cb02faad1115b23d1c757ed0c8fc314f4adfa74f6a5c4dd46116e421d,1775563211,86400,1231224984164103452,1231305929421829740,0.657437
24834958,0x68f8f0d7c2e5a6bec4b5d66328059dd566f10c8546f72ffef69248f776ba8e34,1775649611,86400,1231305929421829740,1231387616265532089,0.663416
24842131,0x517ff4df40d51853187f30c8551dcf5c1fb4bb9e58766cf4728ba2a93b8cf30c,1775736011,86400,1231387616265532089,1231467134676328340,0.645763
24849293,0x47e53b58b8cef7602e5425d9401a41044524f130b4b08af8f7efe30c59680ef5,1775822411,86400,1231467134676328340,1231547344432917821,0.651335
24856465,0x2e231ea3465e79ff4c25d5ffedb48aeadb80c96862f55fae84265cd1dc491630,1775908811,86400,1231547344432917821,1231627162807198509,0.648115
24863642,0x02bc7eb2a482b537728821b204e35392bbaf17cabd7e079b4357bc2e8637f083,1775995211,86400,1231627162807198509,1231706743820320505,0.646145
24870820,0x8109fdd6597d30554a45b35779c70e19444fcbf3f5791400106d3983fd5e39d5,1776081611,86400,1231706743820320505,1231787423404290591,0.655023
24878001,0x67641088b72372be8a085b79957685c81cfbfabeed039856405f1b799799f2be,1776168011,86400,1231787423404290591,1231868736943077658,0.660126
24885185,0x5a210f5aca8336f1acba65cf4e947c1dd2b928d4dc7a09d17d8cd04eacac7019,1776254411,86400,1231868736943077658,1231948796537481925,0.649904
24892361,0xb2778b554886a164a80baced091e46b1be14e7cbbd220984992b9c64e30506a3,1776340811,86400,1231948796537481925,1232028890295057401,0.650139
24899541,0xe572680a09b7074748c4237ba4c8c6b7091776d0cb671ac483bef25ab673f845,1776427211,86400,1232028890295057401,1232111422954067182,0.669892
24906731,0xe358b395b7bfa2d51460e306870e69d59c443e6bffb0787194b544a668488739,1776513611,86400,1232111422954067182,1232194389563107867,0.673369
24913902,0xcd0244dc901d372a4d0bd62097de9ffaf1d1e27a70f9f62c19e7de7f4734959a,1776600011,86400,1232194389563107867,1232284325871378326,0.729887
24921082,0xe6f5f5bb80fb2bbaf9cfdbd9089ae4164fc9f3f9ea268bfbd4dd146a314129d6,1776686411,86400,1232284325871378326,1232379778746028684,0.774601
24928264,0x170d004066363d70a01f4ebc87743926bdeba3d7215f6f37da56dca1c13163c0,1776772811,86400,1232379778746028684,1232468392572232745,0.719046
24935438,0xc8cdd56f84c7ea88713179b391b3c25574393aa040d83fdaaafab4a77770dd23,1776859211,86400,1232468392572232745,1232555665889320507,0.708118
24942621,0xd38ef9aa54b63a9b4988d92d3022544f92338590426da325b6012f5729ba1748,1776945611,86400,1232555665889320507,1232643855540965369,0.715502
24949793,0xbec0d3b857eaba97b05485b7c0d4924d1ec3c5412f5f965f74f5ad5bd64b2ae9,1777032011,86400,1232643855540965369,1232732932248837027,0.722648
24956984,0x343bb37a5cca528ab559d8f647e5056669c7336c2723a1f0ee527e2f0e9178b9,1777118411,86400,1232732932248837027,1232816722623155606,0.679712
24964164,0xb1abe5542c0fb6dc53d87623ee236968aab78d72b77aa99c2cccf905aa0f4fdf,1777204811,86400,1232816722623155606,1232901894068973350,0.690869
24971354,0x2daca77f3091fe76270e20aaf155856700748633e8c034c29e16e2d28e18c675,1777291211,86400,1232901894068973350,1232986572713295231,0.686824
24978528,0x8316f8cea8e00fde3ede8392e69fc345e6de2cccb333f66197ceb25c7dd2b74c,1777377611,86400,1232986572713295231,1233072442395382990,0.696436
24985705,0xd5942e4990ad20f06ac185026d7c3ec39a6982e5a0b82edfcc90e34a4babe916,1777464011,86400,1233072442395382990,1233166992292519963,0.766783
24992886,0x399ac9d244dd4b7be856b0d2ea1a23d41bba6ce89f69b25ed6ed41164020b931,1777550411,86400,1233166992292519963,1233257307607299565,0.732385
25000056,0xb59639f6568fa03e94c45ea64a8614823e20ae0a8939eeb40ec03292b71abce0,1777636811,86400,1233257307607299565,1233343676187191483,0.700329
25007252,0xba6d01f6d01cd54360df2ab41ea6a958ff9e86855c1069f8a9fdd12cb2dedfde,1777723211,86400,1233343676187191483,1233426363973744657,0.670436
25014435,0xd35d48af51b6272d0eddc2ab6a62ac97fe28a9797e8579737520deaed2e0c5ec,1777809611,86400,1233426363973744657,1233506579217288260,0.650345
25021603,0x836e79f31529652281c88b8033aa8ab738e714752d0bd4b6946045907f4f353a,1777896011,86400,1233506579217288260,1233588993979284831,0.668134
25028772,0xbdc4bebb0276f7981e029da9018d4c0bc9d48d299cbc41d657351ed8d3380a59,1777982411,86400,1233588993979284831,1233671094201995872,0.665540
25035963,0x10f5dcf8f292a67d33ad46107cbe7a74b069ecce5ef766d9964cb5e11dde89d2,1778068811,86400,1233671094201995872,1233756749234188527,0.694310
25043124,0x83dde7976cea99160ca50706123d0224a43f5a8276b71e1f9f7e573f7925628f,1778155211,86400,1233756749234188527,1233865925767819611,0.884911
25050305,0x71b04ce0d26a1461e99ab95c25915020d9d3479a88dbc007e0cf18f9acc3a84e,1778241611,86400,1233865925767819611,1233953735428395832,0.711663
25057489,0xd9921af9265e48afef3c0228b136446959ab3e59711a74f4a9781e92c8906e87,1778328011,86400,1233953735428395832,1234039344911088717,0.693782
25064646,0xdcceb72f6eeb842577e6538aa6beb07983662de2447b887c0c74929adb772dfb,1778414411,86400,1234039344911088717,1234121175968290700,0.663115
25071833,0x209711bb4213ce31d82f9bf6ab8bdd5309c7cd7cc64ff6b1fa55229c0e50e5a2,1778500811,86400,1234121175968290700,1234205034384860776,0.679499
25079007,0xf648379a9ff7c15af5265008188cd8bb4b3158c589777c1e5c2221378909f7b7,1778587211,86400,1234205034384860776,1234289742736361593,0.686339
25086185,0xbe94276568c9a57e327c891e5464e0f397e49622ff3852e694b0618d7940f140,1778673611,86400,1234289742736361593,1234372613551727878,0.671405
25093343,0x0614f16d2f11d58cae478a7c95dd40010fd51894b99f66985e1235904cfa13b4,1778760011,86400,1234372613551727878,1234456096264853459,0.676317
25100521,0x43bf8ce6ed230fa5fc08fb8e0efd1cb4b8060a8007d51af219b6f1e74f45c81c,1778846411,86400,1234456096264853459,1234537563054252847,0.659941
25107695,0x94fa089102df7bced81be7358f7eeeb906638cdf17c713447ba98f5791b46081,1778932811,86400,1234537563054252847,1234619605747979872,0.664562
25114880,0x01ac92a0ccb0f1bcfc8f4167adfe91b8f085fdb16ebd91a1d9124d614ca0dda5,1779019211,86400,1234619605747979872,1234699695371154888,0.648699
25122058,0xb2f1638bb2ea3b5031164cfaee6e9ac84c79da8bde4fa7b626b3d63d868802f4,1779105611,86400,1234699695371154888,1234781736120288629,0.664459
25129236,0x614ead334c84922d932325a3673a05bb504f889135a841cd3c31d6b53becaaa7,1779192011,86400,1234781736120288629,1234862648174218414,0.655274
25136415,0x49e602fb3829919245927e0ff73f590a52807bc6cd4c036b7f592827eb805e9f,1779278411,86400,1234862648174218414,1234943103231779568,0.651530
25143591,0x650f165e7325a49c6bade60b552a121af67b872de9bbe7277dd48ccab8451fc4,1779364811,86400,1234943103231779568,1235024662261104293,0.660427
25150766,0x0b23f9e1756e2ac7c282bcc3ef6b25af227067ce568a502c5c140767790edff4,1779451211,86400,1235024662261104293,1235103966623008189,0.642128
25157944,0x309d9e3e5a515d4607cab4a7f8055c64f633c82df843b284d181463f7ef2ffcf,1779537611,86400,1235103966623008189,1235183617866307581,0.644895
25165126,0x56e7b2a9abce9ba7209d5d40042a3f86f7962b8b1a6dd42a2738d3f0d68ba69c,1779624011,86400,1235183617866307581,1235263537544402608,0.647027
25172287,0x4e4ffe0e893f1ee120b4abd0236bbb7dedf159b66a7f19e177a47131ff490530,1779710411,86400,1235263537544402608,1235343299148851300,0.645705
25179458,0x7d5dbf7a4bec2acb0d66707b5fc27619a335aca46a31f9d556c5352836b5c2fa,1779796811,86400,1235343299148851300,1235423407215778558,0.648468
25186639,0x3e28804bfc860e69d27f3f2b3eb568999f6b21342743df9e90f7cc765ea03e1e,1779883211,86400,1235423407215778558,1235504357093394457,0.655240
25193813,0xc1421e16f345c71b2b5eff74fadafe10cf6bdd76c95e030568ee9a0db9bc0462,1779969611,86400,1235504357093394457,1235587718576246138,0.674716
25200989,0x6080aea5d340c54e815aabf6655ec21cc955a85b8787ce2f8474b019cfcc6a67,1780056011,86400,1235587718576246138,1235669041768706525,0.658174
25208159,0xd482f95519800eef62924fd207dbcb3c3e6cd5d8c6f0fb27cfce865f40621ffb,1780142411,86400,1235669041768706525,1235749952427356240,0.654792
25215319,0x1ed392199277408aba3ec6dd4478eb5326bd9313a439135e69ede4653aeef579,1780228811,86400,1235749952427356240,1235829994657572580,0.647722
25222492,0xfcb85f691bc06898de2459a239c09b76971356122388020bfb8fb113c9438d50,1780315211,86400,1235829994657572580,1235910803764423211,0.653885
25229671,0xae72d16b08a1418417a47a8b89bd9cde5f60bc38883181fd96544d9205c12bf9,1780401611,86400,1235910803764423211,1235992425799691378,0.660420
25236828,0xa89cee46edf07470f7431b433ab572506bb28b20ca42921de471b9382a1a4e74,1780488011,86400,1235992425799691378,1236077491551692855,0.688238
25243991,0xbebcbe7515495294ba54820712b3d0dfa34942d3bd7746ac6b879e54f721cf77,1780574411,86400,1236077491551692855,1236164228594289970,0.701712
25251145,0xd0cdfab7164aaa25eb253d19f6aa438b043dd9143f6f30a38ec8e63750356775,1780660811,86400,1236164228594289970,1236256283044584006,0.744678
25258314,0x579d4576130060013710953bc971a1455cb0590d570a8a6f2e03f2fa978ef10a,1780747211,86400,1236256283044584006,1236361722190083268,0.852891
25265486,0x7b3bbfe25f4af246372c8411281b4f44387c9ca8f8930915f747560cba7a1d68,1780833611,86400,1236361722190083268,1236442193293747561,0.650870
25272663,0x2f4a60c15e8822dbdc82e5044c12683299efbba7e6ea47aaa6df7a685ead6d98,1780920011,86400,1236442193293747561,1236529700886449785,0.707737
25279838,0xa4e823682514e548e24295c45c50a9e3b41f8abd03f75f039f644f52f4786556,1781006411,86400,1236529700886449785,1236616686993789878,0.703470
25287017,0xe07ee6ac288140f9e8096b8a300c73accf195d4acdaf3be27a886e8efaa31265,1781092811,86400,1236616686993789878,1236697751698023406,0.655536
25294190,0xa74cd481576193b8b733c603a407bd69a2fe627cbd2c96f69db5f4ba45854ecb,1781179211,86400,1236697751698023406,1236779300584253628,0.659408
25301354,0xc80e3465b171c7391e1d0fd594fd357af221949ea695e6b4d41f12cbf0a9c395,1781265611,86400,1236779300584253628,1236859849385466646,0.651279
25308527,0x5f16e60a0177409057c28ce42467aed06cf0a29ce3d83e5ff65d9e9b4aac5ed0,1781352011,86400,1236859849385466646,1236939457610276058,0.643632
25315694,0xd726cd886adc06bf9fc66cd8d9a37a7d97df2a7c21d9519febd32ee432596889,1781438411,86400,1236939457610276058,1237017816194158601,0.633488
25322865,0xb28ec3cff081be2ca99abeb3cf0bfadae831508141ce95e07c2953bcfcb7f41f,1781524811,86400,1237017816194158601,1237096995035775329,0.640078
25330050,0xb0e4f1dfa5f53227ee9c9a3736a5953375201ca468f0ced790e1bfd591678113,1781611211,86400,1237096995035775329,1237177964998796368,0.654516
25337234,0x3484e2377f3b174c000125d2b222f0a3d44cfc5f5932d93d1f8e8826316e3a47,1781697611,86400,1237177964998796368,1237258804098791464,0.653415
25344424,0x261b411ca5294f7a0d758d73e0132810969001c73eb25d1e12396b2e26d575b3,1781784011,86400,1237258804098791464,1237339636594331943,0.653319
25351594,0x166cdeeb1b51a19cb47fc33eacc56ab797318386979f9b19fb2dc0965e2a6a1f,1781870411,86400,1237339636594331943,1237420518995063234,0.653680
25358774,0x623ab47cc3915319333ffca12e7aa5f6b81e133696a5e62f6ab38cb003be0f97,1781956811,86400,1237420518995063234,1237498574957027189,0.630796
25365930,0x3eea2a28f5929eb612466edaf217d1335f01a7f0e38c92e00a9e9973c27227d6,1782043211,86400,1237498574957027189,1237575989877955499,0.625576
25373112,0x439d9b7f26261cea4f965db2639ba9f4ee836a3f9935f17715edc58a1cc8603e,1782129611,86400,1237575989877955499,1237654844968913413,0.637174
25380282,0x012893afa17246ce730fa5e99985aa0726a164e0cad752f0cbf2cd003fc470fe,1782216011,86400,1237654844968913413,1237735256811227350,0.649711
25387431,0xca9533e0b4eee071496562a61c4da798ab3a208608ca135176a2d9bac4dbe0d0,1782302411,86400,1237735256811227350,1237812632167948203,0.625137
25394610,0xb46b26b473f29cdf5cef4bcf8116a1e7330b4c7a28c69c9a3fa19216c3230a1b,1782388811,86400,1237812632167948203,1237893283009785279,0.651559
25401774,0x61ca9d3183f2e2b04307746c8e8eaf7fb0f8aed82d20a2b2444fb2a3f927371d,1782475211,86400,1237893283009785279,1237982564715212630,0.721239
25408946,0x64293479c3c223785913ba7d95bdd9add7b3c5958aa8804928b5a674d6262e67,1782561611,86400,1237982564715212630,1238061237492207552,0.635492
25416126,0x38545d8c7076a8515d2e78ef1305b6462673d8c5dc0a26056dd8a7d5f7e7773e,1782648011,86400,1238061237492207552,1238137101008512941,0.612761
25423300,0xcaf2595705f52a9d9111a0bbbe318dbeea4e6010eb792f72974b7e40031e2443,1782734411,86400,1238137101008512941,1238213751911737081,0.619083
25430461,0x105c631991a15fc05fdfee3c66a510d05a4a7a1653affa20da3105d81e811352,1782820811,86400,1238213751911737081,1238292317069881035,0.634504
25437638,0xa112a422f6a9ba9e5d248eea68cf03e60b2a866522aeb6b568aae813da2a185c,1782907211,86400,1238292317069881035,1238369756387413026,0.625372
25444795,0x5632e96c6acca45e7f081fb09e3d8fb1ee25ef8da58129503fbd1446cec04c98,1782993611,86400,1238369756387413026,1238448566083594004,0.636399
25451954,0x1900aba9d1191eb8279a8145f85c046ceb8de5159dcd41ec55f61a5ca4bdb25a,1783080011,86400,1238448566083594004,1238525974908923419,0.625047
25459129,0x5b53b1ec16a07ac3000e97f4880ee27365379f06ec2dc397e0807e4809e22b57,1783166411,86400,1238525974908923419,1238602087852295191,0.614545
25466291,0x334a8ac320370254028a91ac8cdbec397a15fbd3aa5cc67e5e689875d57e8322,1783252811,86400,1238602087852295191,1238677507234727924,0.608907
25473462,0x252bdaf799412d8a5bcb5f7263a5100aceb42fbf48b08707e17276a0472aa474,1783339211,86400,1238677507234727924,1238752308022314553,0.603876
25480647,0x53de84e00a61bc7dc50e5d4952f85b98a27d490bcc726be14ba59b7dcf137b86,1783425611,86400,1238752308022314553,1238829001128639817,0.619116
25487824,0x8bff8075a28fedfc1c72f635f73a716bb7ebcc79c5186912b2fcfa6e0da5b5fa,1783512011,86400,1238829001128639817,1238905745505801319,0.619491
25494992,0x0b6696d7dd085d885e820ad5607a2ab78cb91adc5ae3075f7a7db0a8a4885723,1783598411,86400,1238905745505801319,1238981393823105522,0.610606
25502165,0x716ebfd03d7b7259617654b71a1f574d60569bc82c22967f554e69618f258357,1783684811,86400,1238981393823105522,1239056315534198008,0.604704
25509339,0xf325ecd0db0cd2b80542fad90ab8135b68efe2a02111f3e22a1f86e791355d15,1783771211,86400,1239056315534198008,1239130985499870558,0.602636
25516508,0xfa64889061b7c4b5906feeb2f0c80292608e442ab197b072f4b8d5db5ac1f30d,1783857611,86400,1239130985499870558,1239205131424898513,0.598370
25523676,0x2748ac7a6258d540994025813080ecf816596ff21974bc0aa9241947200d49ee,1783944011,86400,1239205131424898513,1239279836008982695,0.602843
25530848,0x0b90787f03f18235fb0bafe4d031fd9eb348568e1b08978024ce090e8d6accd7,1784030411,86400,1239279836008982695,1239355373373749019,0.609526
25538024,0xdb8a6b1f42b20c4e2da73473c05e191e894f2e59020a30d09a87e702d2390b8e,1784116811,86400,1239355373373749019,1239430122774537861,0.603131
25545196,0x50e543c4a163953fc3c9e309029c393d51dccdd9690aa6467d2b76be5293eb7d,1784203211,86400,1239430122774537861,1239504898197387793,0.603305
25552379,0xd0405f3d1de0c5f070eb4bc4b5e58c3790f239c7fafe123bf9073803143468f4,1784289611,86400,1239504898197387793,1239579815414204579,0.604412
25559571,0x88887dbd6f97408f152ec44f3bedb85311984fd5c1fc6ecc3f7a14e083702452,1784376011,86400,1239579815414204579,1239655095734259789,0.607305
25566732,0x86c83fac9826aa3f038d66291165c5994bbe5757cb5c131923809eb7c0803ed6,1784462411,86400,1239655095734259789,1239728116706917843,0.589043
25573897,0x2d3e613c27de0742b866fbcde3d1335c1a1aaa509aea9cf33db82b6e128e832d,1784548811,86400,1239728116706917843,1239803051333795838,0.604444
25581066,0xb810812875e76f2661703c915da1eff17713f998bd83db4c6b747e72e94a4d26,1784635211,86400,1239803051333795838,1239877631060800508,0.601545
25588234,0x829857ce2e40b6804ddad6d1cd685ccbc7c7ef56d05ba9dea41f8677799b034e,1784721611,86400,1239877631060800508,1239952638214169360,0.604956
25595395,0xd84b77cbd3187d7a0bad381a37750cb9a833225c21d80284f9a4bb36fe3be7f9,1784808011,86400,1239952638214169360,1240026075893070633,0.592262
25602567,0xdbe7e0b4637326034ec52744514d8e4db0ab2980c279a9705498bcbc22e3fa0a,1784894411,86400,1240026075893070633,1240100187929053552,0.597665
25610856,0xc1e3824e06ab9e5ac148ebad8dc3a2ad7d866fd203a264b04d8ee8d235385d38,1784980811,86400,1240100187929053552,1240169633739466687,0.560002
25617394,0xd3e2895d5715a2dbc32a1913d396728dd25039149d836bd597832e8bafbee4e6,1785067211,86400,1240169633739466687,1240247489938825368,0.627787
25624849,0xdbb3310cfff5941b73c1290cb21ff8e935e41de6727be40d7c6df5a370efe966,1785153611,86400,1240247489938825368,1240322414731853289,0.604112
25632743,0x700b2e80a039e465750612ef8b3b0d5138d6363c9a670f6c2e09f71cd6414e45,1785240011,86400,1240322414731853289,1240396645136907870,0.598477
25638465,0x197875fe9b3626374c37496d49a6d29f4781a998da00952a115303b13618b00f,1785326411,86400,1240396645136907870,1240471205407876841,0.601100
25645641,0xeb86bf02f96c6a1b0a49794a752001800c5f7dc97943b0002d43416ad9658ec3,1785412811,86400,1240471205407876841,1240548751448981022,0.625134
25652808,0x247741863fb993237e59dfb33df171dcbece18e7a4f7ea89e769c7ca3dd138a6,1785499211,86400,1240548751448981022,1240624545593819793,0.610973
25659989,0x6039fcc5457a703cba6ed5a8d0613beabbdd0f903c03c4c592c386d8f334023f,1785585611,86400,1240624545593819793,1240699859340538957,0.607063
25667166,0x4d9b79257b53f1bdeab909ef7b22d06cbc8d376bd156cf3b5484264c2e368388,1785672011,86400,1240699859340538957,1240773704708322612,0.595191
25674343,0xf70c1e94200ea603def0877293af2e4c7d30f5cb6eaf694ef89987ea8ce4c5b0,1785758411,86400,1240773704708322612,1240847166477700567,0.592064
25681521,0x7d0b51ee20398eb60faaeec0f7ed2b3a65571435bf9ce617ebcc798cf69d87a4,1785844811,86400,1240847166477700567,1240921811464463804,0.601565
25688696,0x906ebabaa07864921b965a26c8bad4006511fd8885c69b4ab707d0660e5e8ddc,1785931211,86400,1240921811464463804,1240996597167330934,0.602662
25695886,0x7badfc304e0a72fc3a0f48626704540c343d7397aeab8a853e9b94cee8eef88f,1786017611,86400,1240996597167330934,1241071355367989837,0.602405
25703056,0x17afefa6f792d1722c00da7b675af0847bc0e7f706cf8e62bd77cb34788f0b72,1786104011,86400,1241071355367989837,1241145559595278300,0.597905
25710210,0x8099c8cb8800491780fb1f44adc6978d918b63dad6eadde1cf9e1386d63e064a,1786190411,86400,1241145559595278300,1241218108791905085,0.584534
25717389,0xe702e86e6cf3d4a6a4770949ea5a047a060d0628f4b87784bd58ee6546fae9e6,1786276811,86400,1241218108791905085,1241292942091248770,0.602902
25724560,0x0d7504898cdbba532e09f0aff2856f81a40375a3260988607e188d8f1dcc7213,1786363211,86400,1241292942091248770,1241366728939183028,0.594435
25731724,0x167a8014c9844f081959010decf191ddebc7de0ea634994201007a0cfa585a32,1786449611,86400,1241366728939183028,1241440950644072176,0.597903
25738892,0x9b6cbcbced2937cf8a2ee3ba71e41082e73deeb52db1c8d62e028d9140c15e03,1786536011,86400,1241440950644072176,1241514859119434274,0.595344
25746068,0x0d34ccb6a9b0f8eef29fd10ba48704e777267c831c6ecf15fe0d63cb96c91e61,1786622411,86400,1241514859119434274,1241589668298845993,0.602564
25753242,0xd44bad1abf850f5ebb1db97c442cc571f96afafde2489b8148813654dc212f2f,1786708811,86400,1241589668298845993,1241663875938417151,0.597682
25760424,0xf808dcd757a06f84ff684f510840635c78b75ff5e912238ebff48ab83c00f7d0,1786795211,86400,1241663875938417151,1241737624641398110,0.593951
25767585,0xd1f2195afaebe60202782b71aca1692a70d0da014fe5bc91180647d36db1f194,1786881611,86400,1241737624641398110,1241810533145946736,0.587149
25774768,0xfb8eee99628d096eb12b302658ca1756a6504b52ac427b721741091f2cffeff4,1786968011,86400,1241810533145946736,1241884438918792618,0.595145
25781938,0xb3d0d96cc7355530c14eb342bc239bbfa38cb1e9af9da267f13e442ccf93f47d,1787054411,86400,1241884438918792618,1241958563293259183,0.596870
25789119,0x2f806fe0351c3c1fd6720b4d911b560041a37dae6ba36c481715969eb68b4c7e,1787140811,86400,1241958563293259183,1242032879881643218,0.598382
25796297,0x004275a4f1a2c0f0dfa931d46e8591ae35eb1a42a0d34d9cb116304e8bbfe809,1787227211,86400,1242032879881643218,1242113888677499794,0.652227
25803485,0x9cba6988d16e04578207cb1458de17edc71e78778d5066f0640c3567808ef53e,1787313611,86400,1242113888677499794,1242190142783145750,0.613906
25810661,0x50c4ee805902fd3bf9fa0dbd4aa0f0c818e35a758cfc86ab4d8b3e29869efe68,1787400011,86400,1242190142783145750,1242271090726486053,0.651655
25817827,0x1428ba508f24b0707c33b5f125975813170bb4b21397c7c786982e4e440fefa8,1787486411,86400,1242271090726486053,1242346440645230173,0.606550
25825014,0x788224f4bd60bd6041466d7e88bd5ec35f2da142e33a65bea87edd61534c3990,1787572811,86400,1242346440645230173,1242424181709375761,0.625760
25832183,0x2d9f3d2b8d7665e6d193a7b77360c7920d116615f14978ba52a9c2cbc80ad34e,1787659211,86400,1242424181709375761,1242501079439676820,0.618933
25839354,0x9b82947f5f843b796cd912a364a7a7530a137c7954763a6ab5a2f460de59c307,1787745611,86400,1242501079439676820,1242575976401495391,0.602792
25846524,0x47f5c85583d64a43f9780c9acf05204631efa0bf73a2897febf1bd583a1a8969,1787832011,86400,1242575976401495391,1242650652084667910,0.600975
25853706,0xe868e4acddf3e275cb2d630b3a871f65247d71fc4c998fe175599f94d8bb6496,1787918411,86400,1242650652084667910,1242726238226704561,0.608265
25860884,0x9b54b71d93f7a9205a599d93903060ab32e95847ae8bd2cfbb1ec98195c1365f,1788004811,86400,1242726238226704561,1242801444311766692,0.605170
25868055,0x64348d916e9260d2204ea6e1ef3d786570003c864e5cbff8d3d6c3a199502a9b,1788091211,86400,1242801444311766692,1242876534280116652,0.604199
25875233,0x1bad343834044681f393485bcf131863801ff082da4fe24a2095629a7332d517,1788177611,86400,1242876534280116652,1242953626013367018,0.620269
25882400,0xf9a0c48463e92a01347aadfefbf9349ec72858550a8fa162e894f61e9e99a499,1788264011,86400,1242953626013367018,1243028926255812536,0.605817
25889579,0xf59f8e356dcd7b75b4881df685a1ac6043d6abbd01836fdfa1203c9a6925d493,1788350411,86400,1243028926255812536,1243103211881836544,0.597618
25896744,0x6dc394d45ebdba4689fc3bd92180944842546d76b7c26f11a348df23b51f8bbd,1788436811,86400,1243103211881836544,1243177790408005367,0.599938
25903920,0x5dc5e3d3e80bc43e791244f3bbe919893d8a830b85b7995cfbfca2e34e32d15c,1788523211,86400,1243177790408005367,1243254206102366521,0.614680
25911092,0x90581ef4bdc697c7feb9fb38de9e268f59bd312f2386d4e03b09558865232f5a,1788609611,86400,1243254206102366521,1243329968432064195,0.609387
25918274,0x314f6a49de7906164617d8ecd026f17c72d8a88933097ef6d895beb11be04de4,1788696011,86400,1243329968432064195,1243406001384343629,0.611527
25925446,0xffb5f6f2450aebcc6a3bd4e5ad9f8ef183de4c9252ba9c63afa1d8e1ba643f40,1788782411,86400,1243406001384343629,1243482397510342563,0.614410
25932615,0x8f4264c88d0e3a2bc37fab3624c33bdefcfc254a1b399535824133125766941b,1788868811,86400,1243482397510342563,1243558610689480007,0.612901
25939783,0x624d13e561c349b02269589240bb4fa177853e4f46504af1f07bb24c783a2dd6,1788955211,86400,1243558610689480007,1243637988258536037,0.638310
25946958,0x7324734007af2d8296d0f748da7dfa7b03394b7e105a8a7e96095795c0ffe8b0,1789041611,86400,1243637988258536037,1243714506052480615,0.615274
25954139,0x3533cfbabb9d56020fcb4183d2f8d77447e088db93c5b18575e236e6b2a2c6ea,1789128011,86400,1243714506052480615,1243790495836331246,0.610991
25961308,0xbd2818863d6a39e2e1cfd23f02f79e1dca68667b54aaa48a5a2bc10e62bfefb0,1789214411,86400,1243790495836331246,1243869391109877255,0.634313
25968486,0xe3bded34439faf06c150881789098d5175332121d59a22cbecd153e2f30af523,1789300811,86400,1243869391109877255,1243945528957798802,0.612105
25975667,0xd4bd9823e22cedab9e168fe83f89bc99282122f6a5f0d3f4e5fa842f5eae05d0,1789387211,86400,1243945528957798802,1244021312893988218,0.609222
25982839,0x6d70c792754d33ebde957c97f6a94f3bccd4e97755828619d8484bf81e210b31,1789473611,86400,1244021312893988218,1244099608498421563,0.629375
25990003,0xca2196414314af52f9969da0312e555eb8d180ff7dd252113109482dde44667b,1789560011,86400,1244099608498421563,1244176384207368581,0.617119
25997181,0x90d373a9e3e7c7fa11dff9a017158b123411c5adc3f33e335b232f1eefa6fcb4,1789646411,86400,1244176384207368581,1244253030531249702,0.616041
26004357,0x8be6db89342caf40629fdcd1e587ac0bcc7acbc2f9ddd07e540998689179a934,1789732811,86400,1244253030531249702,1244329774635371753,0.616789
26011532,0xb037511e2fcdd284c0de3bbe0f6a482451072f4c7d9c00bd74b787d72ae38522,1789819211,86400,1244329774635371753,1244406447835658845,0.616181
26018695,0x22a89efd5000c2beb6a018fb11ec58b70638184dbf5762fb6cd67f3fe94de508,1789905611,86400,1244406447835658845,1244482479264728163,0.610985
26025862,0x7a4e433e60d11efcc32277554911d7c68c51a0539c1c59b3752377d9e26accce,1789992011,86400,1244482479264728163,1244558067649087690,0.607388
26032998,0x3c91f03dbf11863e632f49ab15667d341fa8d70fcba8475618dfedc8978fc09e,1790078411,86400,1244558067649087690,1244633419602089156,0.605451
26040148,0x573bc04ffa9f9051b1984581ae4c278cbbba8278a3f2147f42984784aa944bdb,1790164811,86400,1244633419602089156,1244710915700866902,0.622642
26047293,0x4732fc5cb4a1f4abe1cb35b86a5933358d6c54cd488687a8a96b5045eb3eec95,1790251211,86400,1244710915700866902,1244787728742679575,0.617116
